assignment_id,student_id,subject_id,total_assignments,submitted,average_score
1,STU0001,CS101,6,5,71.51
2,STU0625,CS101,6,5,72.72
3,STU0505,CS101,6,5,74.75
4,STU0953,CS101,6,5,82.93
5,STU0617,CS101,6,5,60.28
6,STU0513,CS101,6,5,60.48
7,STU0065,CS101,6,5,68.52
8,STU0521,CS101,6,5,74.31
9,STU0609,CS101,6,5,78.26
10,STU0529,CS101,6,5,78.70
11,STU0601,CS101,6,5,80.01
12,STU0537,CS101,6,5,72.00
13,STU0593,CS101,6,5,60.99
14,STU0545,CS101,6,5,72.15
15,STU0553,CS101,6,5,70.77
16,STU0585,CS101,6,5,79.79
17,STU0561,CS101,6,5,63.45
18,STU0577,CS101,6,5,68.23
19,STU0569,CS101,6,5,69.44
20,STU0073,CS101,6,5,83.08
21,STU0945,CS101,6,5,64.84
22,STU0081,CS101,6,5,74.85
23,STU0937,CS101,6,5,64.54
24,STU0089,CS101,6,5,76.21
25,STU0929,CS101,6,5,75.02
26,STU0097,CS101,6,5,61.35
27,STU0993,CS101,6,5,65.58
28,STU0105,CS101,6,5,74.96
29,STU0921,CS101,6,5,65.81
30,STU0113,CS101,6,5,58.34
31,STU0913,CS101,6,5,65.16
32,STU0121,CS101,6,5,70.70
33,STU0017,CS101,6,5,72.35
34,STU0905,CS101,6,5,73.81
35,STU0129,CS101,6,5,65.92
36,STU0137,CS101,6,5,60.30
37,STU0897,CS101,6,5,77.29
38,STU0145,CS101,6,5,61.20
39,STU0889,CS101,6,5,68.32
40,STU0153,CS101,6,5,71.65
41,STU0881,CS101,6,5,78.85
42,STU0161,CS101,6,5,72.82
43,STU0169,CS101,6,5,61.42
44,STU0985,CS101,6,5,73.90
45,STU0873,CS101,6,5,64.77
46,STU0177,CS101,6,5,62.04
47,STU0865,CS101,6,5,81.96
48,STU0185,CS101,6,5,61.46
49,STU0025,CS101,6,5,70.32
50,STU0857,CS101,6,5,69.44
51,STU0193,CS101,6,5,74.20
52,STU0201,CS101,6,5,74.90
53,STU0849,CS101,6,5,71.74
54,STU0209,CS101,6,5,62.17
55,STU0841,CS101,6,5,65.27
56,STU0217,CS101,6,5,64.08
57,STU0833,CS101,6,5,58.59
58,STU0225,CS101,6,5,65.91
59,STU0233,CS101,6,5,78.34
60,STU0825,CS101,6,5,72.64
61,STU0241,CS101,6,5,62.74
62,STU0977,CS101,6,5,60.06
63,STU0817,CS101,6,5,66.41
64,STU0249,CS101,6,5,61.72
65,STU0033,CS101,6,5,58.88
66,STU0809,CS101,6,5,60.38
67,STU0257,CS101,6,5,73.55
68,STU0265,CS101,6,5,74.32
69,STU0801,CS101,6,5,80.76
70,STU0273,CS101,6,5,72.06
71,STU0793,CS101,6,5,76.45
72,STU0281,CS101,6,5,82.35
73,STU0785,CS101,6,5,79.34
74,STU0289,CS101,6,5,59.21
75,STU0297,CS101,6,5,74.74
76,STU0777,CS101,6,5,82.58
77,STU0305,CS101,6,5,71.63
78,STU0769,CS101,6,5,68.50
79,STU0313,CS101,6,5,68.57
80,STU0041,CS101,6,5,58.77
81,STU0761,CS101,6,5,77.41
82,STU0321,CS101,6,5,76.16
83,STU0329,CS101,6,5,69.90
84,STU0753,CS101,6,5,62.58
85,STU0337,CS101,6,5,76.66
86,STU0745,CS101,6,5,61.17
87,STU0345,CS101,6,5,78.41
88,STU0737,CS101,6,5,67.74
89,STU0353,CS101,6,5,77.02
90,STU0969,CS101,6,5,82.67
91,STU0361,CS101,6,5,80.93
92,STU0729,CS101,6,5,71.26
93,STU0369,CS101,6,5,82.18
94,STU0721,CS101,6,5,58.41
95,STU0377,CS101,6,5,59.57
96,STU0049,CS101,6,5,66.16
97,STU0713,CS101,6,5,60.68
98,STU0385,CS101,6,5,59.30
99,STU0393,CS101,6,5,69.42
100,STU0705,CS101,6,5,69.95
101,STU0401,CS101,6,5,65.94
102,STU0697,CS101,6,5,73.06
103,STU0409,CS101,6,5,62.30
104,STU0689,CS101,6,5,68.86
105,STU0417,CS101,6,5,67.59
106,STU0425,CS101,6,5,82.75
107,STU0961,CS101,6,5,69.79
108,STU0681,CS101,6,5,58.53
109,STU0433,CS101,6,5,78.78
110,STU0673,CS101,6,5,62.19
111,STU0441,CS101,6,5,81.43
112,STU0057,CS101,6,5,76.81
113,STU0665,CS101,6,5,62.36
114,STU0449,CS101,6,5,76.01
115,STU0457,CS101,6,5,62.93
116,STU0657,CS101,6,5,69.43
117,STU0465,CS101,6,5,74.12
118,STU0649,CS101,6,5,65.94
119,STU0473,CS101,6,5,70.87
120,STU0009,CS101,6,5,76.63
121,STU0641,CS101,6,5,73.90
122,STU0481,CS101,6,5,62.01
123,STU0489,CS101,6,5,60.55
124,STU0633,CS101,6,5,62.02
125,STU0497,CS101,6,5,59.41
126,STU0914,IT201,6,5,75.46
127,STU0626,IT201,6,5,72.00
128,STU0722,IT201,6,5,61.01
129,STU0874,IT201,6,5,77.57
130,STU0810,IT201,6,5,59.23
131,STU0370,IT201,6,5,58.91
132,STU0442,IT201,6,5,78.53
133,STU0258,IT201,6,5,67.65
134,STU0418,IT201,6,5,81.11
135,STU0362,IT201,6,5,80.84
136,STU0034,IT201,6,5,80.12
137,STU0466,IT201,6,5,74.89
138,STU0170,IT201,6,5,62.71
139,STU0802,IT201,6,5,73.61
140,STU0122,IT201,6,5,70.38
141,STU0266,IT201,6,5,82.98
142,STU0074,IT201,6,5,76.36
143,STU0730,IT201,6,5,58.97
144,STU0114,IT201,6,5,75.18
145,STU0354,IT201,6,5,71.39
146,STU0738,IT201,6,5,65.44
147,STU0946,IT201,6,5,62.86
148,STU0570,IT201,6,5,71.39
149,STU0274,IT201,6,5,65.72
150,STU0106,IT201,6,5,58.59
151,STU0346,IT201,6,5,81.72
152,STU0746,IT201,6,5,75.19
153,STU0794,IT201,6,5,70.91
154,STU0962,IT201,6,5,77.88
155,STU0338,IT201,6,5,76.00
156,STU0666,IT201,6,5,76.96
157,STU0282,IT201,6,5,82.69
158,STU0178,IT201,6,5,58.55
159,STU0330,IT201,6,5,58.44
160,STU0458,IT201,6,5,73.83
161,STU0018,IT201,6,5,61.43
162,STU0786,IT201,6,5,78.91
163,STU0634,IT201,6,5,74.21
164,STU0498,IT201,6,5,81.16
165,STU0290,IT201,6,5,68.56
166,STU0394,IT201,6,5,74.35
167,STU0754,IT201,6,5,77.12
168,STU0042,IT201,6,5,73.33
169,STU0322,IT201,6,5,64.46
170,STU0474,IT201,6,5,63.79
171,STU0778,IT201,6,5,62.58
172,STU0450,IT201,6,5,79.04
173,STU0298,IT201,6,5,76.17
174,STU0866,IT201,6,5,60.52
175,STU0490,IT201,6,5,80.08
176,STU0578,IT201,6,5,66.20
177,STU0562,IT201,6,5,65.90
178,STU0658,IT201,6,5,71.94
179,STU0994,IT201,6,5,78.86
180,STU0762,IT201,6,5,79.37
181,STU0306,IT201,6,5,79.96
182,STU0186,IT201,6,5,71.97
183,STU0314,IT201,6,5,82.98
184,STU0970,IT201,6,5,81.76
185,STU0770,IT201,6,5,62.92
186,STU0058,IT201,6,5,78.11
187,STU0146,IT201,6,5,75.92
188,STU0706,IT201,6,5,69.74
189,STU0682,IT201,6,5,70.11
190,STU0698,IT201,6,5,82.02
191,STU0858,IT201,6,5,76.52
192,STU0554,IT201,6,5,81.75
193,STU0426,IT201,6,5,76.38
194,STU0194,IT201,6,5,74.51
195,STU0922,IT201,6,5,71.76
196,STU0586,IT201,6,5,74.27
197,STU0026,IT201,6,5,77.38
198,STU0010,IT201,6,5,66.39
199,STU0402,IT201,6,5,68.72
200,STU0850,IT201,6,5,81.92
201,STU0890,IT201,6,5,71.04
202,STU0202,IT201,6,5,66.24
203,STU0410,IT201,6,5,66.00
204,STU0546,IT201,6,5,69.44
205,STU0098,IT201,6,5,62.50
206,STU0050,IT201,6,5,80.69
207,STU0594,IT201,6,5,67.99
208,STU0690,IT201,6,5,60.89
209,STU0482,IT201,6,5,64.29
210,STU0210,IT201,6,5,70.88
211,STU0154,IT201,6,5,80.17
212,STU0538,IT201,6,5,76.58
213,STU0386,IT201,6,5,64.18
214,STU0842,IT201,6,5,69.66
215,STU0898,IT201,6,5,61.19
216,STU0602,IT201,6,5,58.38
217,STU0530,IT201,6,5,70.39
218,STU0218,IT201,6,5,73.61
219,STU0930,IT201,6,5,59.72
220,STU0066,IT201,6,5,74.93
221,STU0002,IT201,6,5,80.20
222,STU0090,IT201,6,5,59.51
223,STU0834,IT201,6,5,68.75
224,STU0130,IT201,6,5,67.48
225,STU0522,IT201,6,5,77.94
226,STU0226,IT201,6,5,69.21
227,STU0882,IT201,6,5,77.55
228,STU0714,IT201,6,5,61.17
229,STU0642,IT201,6,5,78.01
230,STU0610,IT201,6,5,71.15
231,STU0138,IT201,6,5,69.39
232,STU0826,IT201,6,5,62.44
233,STU0434,IT201,6,5,65.00
234,STU0234,IT201,6,5,79.53
235,STU0162,IT201,6,5,70.49
236,STU0514,IT201,6,5,66.42
237,STU0978,IT201,6,5,63.62
238,STU0906,IT201,6,5,80.13
239,STU0954,IT201,6,5,82.99
240,STU0938,IT201,6,5,62.58
241,STU0618,IT201,6,5,72.10
242,STU0242,IT201,6,5,66.51
243,STU0986,IT201,6,5,62.69
244,STU0506,IT201,6,5,76.31
245,STU0378,IT201,6,5,72.12
246,STU0818,IT201,6,5,68.41
247,STU0674,IT201,6,5,75.93
248,STU0650,IT201,6,5,76.35
249,STU0082,IT201,6,5,62.77
250,STU0250,IT201,6,5,64.08
251,STU0907,EC301,6,5,59.09
252,STU0907,EC302,6,5,59.38
253,STU0643,EC301,6,5,80.51
254,STU0643,EC302,6,5,62.63
255,STU0131,EC301,6,5,71.58
256,STU0131,EC302,6,5,66.14
257,STU0899,EC301,6,5,63.85
258,STU0899,EC302,6,5,64.57
259,STU0411,EC301,6,5,76.45
260,STU0411,EC302,6,5,71.86
261,STU0139,EC301,6,5,60.28
262,STU0139,EC302,6,5,65.02
263,STU0019,EC301,6,5,74.62
264,STU0019,EC302,6,5,71.83
265,STU0891,EC301,6,5,64.69
266,STU0891,EC302,6,5,62.72
267,STU0147,EC301,6,5,65.07
268,STU0147,EC302,6,5,69.62
269,STU0691,EC301,6,5,62.62
270,STU0691,EC302,6,5,66.75
271,STU0155,EC301,6,5,73.80
272,STU0155,EC302,6,5,58.40
273,STU0883,EC301,6,5,77.76
274,STU0883,EC302,6,5,81.24
275,STU0627,EC301,6,5,68.68
276,STU0627,EC302,6,5,78.07
277,STU0163,EC301,6,5,66.46
278,STU0163,EC302,6,5,73.23
279,STU0875,EC301,6,5,77.42
280,STU0875,EC302,6,5,82.65
281,STU0171,EC301,6,5,69.15
282,STU0171,EC302,6,5,59.23
283,STU0419,EC301,6,5,78.30
284,STU0419,EC302,6,5,67.69
285,STU0867,EC301,6,5,80.14
286,STU0867,EC302,6,5,64.84
287,STU0179,EC301,6,5,76.46
288,STU0179,EC302,6,5,62.23
289,STU0683,EC301,6,5,62.31
290,STU0683,EC302,6,5,73.34
291,STU0187,EC301,6,5,71.56
292,STU0187,EC302,6,5,78.42
293,STU0859,EC301,6,5,74.83
294,STU0859,EC302,6,5,64.79
295,STU0195,EC301,6,5,63.37
296,STU0195,EC302,6,5,60.04
297,STU0851,EC301,6,5,79.09
298,STU0851,EC302,6,5,81.62
299,STU0427,EC301,6,5,77.35
300,STU0427,EC302,6,5,70.13
301,STU0203,EC301,6,5,64.94
302,STU0203,EC302,6,5,60.02
303,STU0027,EC301,6,5,77.31
304,STU0027,EC302,6,5,63.96
305,STU0843,EC301,6,5,78.72
306,STU0843,EC302,6,5,59.58
307,STU0211,EC301,6,5,65.30
308,STU0211,EC302,6,5,75.49
309,STU0483,EC301,6,5,59.85
310,STU0483,EC302,6,5,70.48
311,STU0219,EC301,6,5,70.87
312,STU0219,EC302,6,5,72.31
313,STU0835,EC301,6,5,82.30
314,STU0835,EC302,6,5,70.71
315,STU0675,EC301,6,5,78.19
316,STU0675,EC302,6,5,60.90
317,STU0227,EC301,6,5,80.49
318,STU0227,EC302,6,5,82.98
319,STU0979,EC301,6,5,79.56
320,STU0979,EC302,6,5,81.54
321,STU0827,EC301,6,5,79.67
322,STU0827,EC302,6,5,65.07
323,STU0235,EC301,6,5,73.41
324,STU0235,EC302,6,5,62.01
325,STU0435,EC301,6,5,75.86
326,STU0435,EC302,6,5,73.22
327,STU0819,EC301,6,5,83.23
328,STU0819,EC302,6,5,71.53
329,STU0243,EC301,6,5,61.03
330,STU0243,EC302,6,5,74.69
331,STU0955,EC301,6,5,68.89
332,STU0955,EC302,6,5,67.12
333,STU0251,EC301,6,5,79.57
334,STU0251,EC302,6,5,71.61
335,STU0811,EC301,6,5,72.04
336,STU0811,EC302,6,5,76.38
337,STU0259,EC301,6,5,80.62
338,STU0259,EC302,6,5,82.07
339,STU0803,EC301,6,5,80.76
340,STU0803,EC302,6,5,66.68
341,STU0443,EC301,6,5,80.62
342,STU0443,EC302,6,5,63.12
343,STU0267,EC301,6,5,71.38
344,STU0267,EC302,6,5,79.93
345,STU0035,EC301,6,5,73.02
346,STU0035,EC302,6,5,60.93
347,STU0795,EC301,6,5,73.66
348,STU0795,EC302,6,5,62.49
349,STU0635,EC301,6,5,65.41
350,STU0635,EC302,6,5,72.62
351,STU0275,EC301,6,5,74.60
352,STU0275,EC302,6,5,62.62
353,STU0667,EC301,6,5,74.98
354,STU0667,EC302,6,5,70.07
355,STU0283,EC301,6,5,81.73
356,STU0283,EC302,6,5,66.79
357,STU0787,EC301,6,5,74.89
358,STU0787,EC302,6,5,66.53
359,STU0291,EC301,6,5,79.16
360,STU0291,EC302,6,5,81.96
361,STU0779,EC301,6,5,77.15
362,STU0779,EC302,6,5,78.36
363,STU0299,EC301,6,5,67.12
364,STU0299,EC302,6,5,59.10
365,STU0971,EC301,6,5,65.68
366,STU0971,EC302,6,5,72.50
367,STU0451,EC301,6,5,83.05
368,STU0451,EC302,6,5,75.43
369,STU0771,EC301,6,5,65.78
370,STU0771,EC302,6,5,72.31
371,STU0307,EC301,6,5,74.45
372,STU0307,EC302,6,5,65.66
373,STU0315,EC301,6,5,69.70
374,STU0315,EC302,6,5,77.53
375,STU0659,EC301,6,5,78.78
376,STU0659,EC302,6,5,80.28
377,STU0763,EC301,6,5,65.75
378,STU0763,EC302,6,5,78.88
379,STU0323,EC301,6,5,82.65
380,STU0323,EC302,6,5,66.29
381,STU0755,EC301,6,5,61.70
382,STU0755,EC302,6,5,83.29
383,STU0331,EC301,6,5,77.19
384,STU0331,EC302,6,5,72.98
385,STU0043,EC301,6,5,76.82
386,STU0043,EC302,6,5,72.03
387,STU0459,EC301,6,5,70.86
388,STU0459,EC302,6,5,65.52
389,STU0747,EC301,6,5,70.23
390,STU0747,EC302,6,5,59.62
391,STU0339,EC301,6,5,78.81
392,STU0339,EC302,6,5,74.36
393,STU0059,EC301,6,5,81.87
394,STU0059,EC302,6,5,82.21
395,STU0491,EC301,6,5,83.09
396,STU0491,EC302,6,5,64.63
397,STU0347,EC301,6,5,69.39
398,STU0347,EC302,6,5,79.17
399,STU0995,EC301,6,5,64.48
400,STU0995,EC302,6,5,70.67
401,STU0739,EC301,6,5,82.68
402,STU0739,EC302,6,5,72.48
403,STU0651,EC301,6,5,73.50
404,STU0651,EC302,6,5,63.91
405,STU0355,EC301,6,5,77.18
406,STU0355,EC302,6,5,69.28
407,STU0731,EC301,6,5,73.46
408,STU0731,EC302,6,5,59.06
409,STU0363,EC301,6,5,64.91
410,STU0363,EC302,6,5,73.32
411,STU0467,EC301,6,5,73.53
412,STU0467,EC302,6,5,65.77
413,STU0723,EC301,6,5,69.71
414,STU0723,EC302,6,5,64.04
415,STU0371,EC301,6,5,60.05
416,STU0371,EC302,6,5,67.83
417,STU0963,EC301,6,5,64.85
418,STU0963,EC302,6,5,74.56
419,STU0507,EC301,6,5,63.77
420,STU0507,EC302,6,5,69.61
421,STU0379,EC301,6,5,75.87
422,STU0379,EC302,6,5,59.80
423,STU0619,EC301,6,5,70.47
424,STU0619,EC302,6,5,82.35
425,STU0515,EC301,6,5,72.38
426,STU0515,EC302,6,5,59.44
427,STU0715,EC301,6,5,67.67
428,STU0715,EC302,6,5,73.45
429,STU0611,EC301,6,5,79.43
430,STU0611,EC302,6,5,61.60
431,STU0523,EC301,6,5,82.82
432,STU0523,EC302,6,5,71.60
433,STU0603,EC301,6,5,65.59
434,STU0603,EC302,6,5,74.14
435,STU0499,EC301,6,5,69.08
436,STU0499,EC302,6,5,59.53
437,STU0531,EC301,6,5,67.70
438,STU0531,EC302,6,5,76.64
439,STU0067,EC301,6,5,77.75
440,STU0067,EC302,6,5,61.94
441,STU0387,EC301,6,5,74.15
442,STU0387,EC302,6,5,71.70
443,STU0539,EC301,6,5,76.67
444,STU0539,EC302,6,5,60.38
445,STU0595,EC301,6,5,68.29
446,STU0595,EC302,6,5,66.74
447,STU0547,EC301,6,5,81.64
448,STU0547,EC302,6,5,82.41
449,STU0587,EC301,6,5,59.65
450,STU0587,EC302,6,5,72.20
451,STU0555,EC301,6,5,69.60
452,STU0555,EC302,6,5,59.40
453,STU0707,EC301,6,5,73.50
454,STU0707,EC302,6,5,82.42
455,STU0579,EC301,6,5,63.71
456,STU0579,EC302,6,5,68.10
457,STU0563,EC301,6,5,69.92
458,STU0563,EC302,6,5,66.05
459,STU0947,EC301,6,5,61.70
460,STU0947,EC302,6,5,72.52
461,STU0571,EC301,6,5,64.59
462,STU0571,EC302,6,5,79.46
463,STU0395,EC301,6,5,82.25
464,STU0395,EC302,6,5,68.71
465,STU0075,EC301,6,5,76.43
466,STU0075,EC302,6,5,62.89
467,STU0011,EC301,6,5,80.50
468,STU0011,EC302,6,5,59.56
469,STU0939,EC301,6,5,80.46
470,STU0939,EC302,6,5,76.23
471,STU0051,EC301,6,5,70.89
472,STU0051,EC302,6,5,74.40
473,STU0083,EC301,6,5,78.08
474,STU0083,EC302,6,5,58.63
475,STU0475,EC301,6,5,63.10
476,STU0475,EC302,6,5,67.39
477,STU0091,EC301,6,5,62.80
478,STU0091,EC302,6,5,61.01
479,STU0003,EC301,6,5,58.64
480,STU0003,EC302,6,5,72.13
481,STU0931,EC301,6,5,66.52
482,STU0931,EC302,6,5,64.24
483,STU0699,EC301,6,5,80.16
484,STU0699,EC302,6,5,63.22
485,STU0099,EC301,6,5,66.93
486,STU0099,EC302,6,5,59.53
487,STU0923,EC301,6,5,75.39
488,STU0923,EC302,6,5,65.95
489,STU0403,EC301,6,5,82.07
490,STU0403,EC302,6,5,77.76
491,STU0107,EC301,6,5,74.69
492,STU0107,EC302,6,5,76.24
493,STU0915,EC301,6,5,81.23
494,STU0915,EC302,6,5,66.28
495,STU0115,EC301,6,5,82.45
496,STU0115,EC302,6,5,63.45
497,STU0987,EC301,6,5,73.06
498,STU0987,EC302,6,5,68.78
499,STU0123,EC301,6,5,71.69
500,STU0123,EC302,6,5,72.09
501,STU0716,ME401,6,5,78.10
502,STU0252,ME401,6,5,80.57
503,STU0812,ME401,6,5,69.52
504,STU0620,ME401,6,5,79.00
505,STU0956,ME401,6,5,79.41
506,STU0244,ME401,6,5,74.94
507,STU0012,ME401,6,5,71.59
508,STU0508,ME401,6,5,64.66
509,STU0164,ME401,6,5,60.11
510,STU0052,ME401,6,5,61.63
511,STU0436,ME401,6,5,74.91
512,STU0380,ME401,6,5,59.72
513,STU0820,ME401,6,5,83.10
514,STU0236,ME401,6,5,73.87
515,STU0932,ME401,6,5,70.02
516,STU0516,ME401,6,5,72.83
517,STU0700,ME401,6,5,72.40
518,STU0612,ME401,6,5,71.07
519,STU0004,ME401,6,5,76.44
520,STU0828,ME401,6,5,78.28
521,STU0228,ME401,6,5,63.68
522,STU0484,ME401,6,5,75.78
523,STU0412,ME401,6,5,80.27
524,STU0524,ME401,6,5,79.90
525,STU0220,ME401,6,5,83.27
526,STU0644,ME401,6,5,74.52
527,STU0604,ME401,6,5,81.88
528,STU0092,ME401,6,5,69.58
529,STU0692,ME401,6,5,76.26
530,STU0676,ME401,6,5,74.54
531,STU0116,ME401,6,5,63.49
532,STU0532,ME401,6,5,68.59
533,STU0156,ME401,6,5,65.21
534,STU0836,ME401,6,5,74.06
535,STU0028,ME401,6,5,66.59
536,STU0596,ME401,6,5,71.69
537,STU0124,ME401,6,5,62.38
538,STU0212,ME401,6,5,78.33
539,STU0476,ME401,6,5,60.53
540,STU0540,ME401,6,5,79.26
541,STU0068,ME401,6,5,61.77
542,STU0884,ME401,6,5,70.88
543,STU0844,ME401,6,5,70.20
544,STU0388,ME401,6,5,58.61
545,STU0428,ME401,6,5,67.97
546,STU0204,ME401,6,5,74.01
547,STU0140,ME401,6,5,66.94
548,STU0548,ME401,6,5,64.43
549,STU0852,ME401,6,5,68.96
550,STU0588,ME401,6,5,76.34
551,STU0100,ME401,6,5,67.98
552,STU0196,ME401,6,5,71.25
553,STU0708,ME401,6,5,82.30
554,STU0500,ME401,6,5,60.78
555,STU0020,ME401,6,5,81.29
556,STU0556,ME401,6,5,64.85
557,STU0948,ME401,6,5,68.57
558,STU0924,ME401,6,5,74.36
559,STU0580,ME401,6,5,78.93
560,STU0900,ME401,6,5,64.21
561,STU0188,ME401,6,5,61.77
562,STU0764,ME401,6,5,76.09
563,STU0660,ME401,6,5,78.17
564,STU0308,ME401,6,5,65.05
565,STU0860,ME401,6,5,69.87
566,STU0316,ME401,6,5,66.49
567,STU0148,ME401,6,5,67.81
568,STU0564,ME401,6,5,82.60
569,STU0452,ME401,6,5,81.36
570,STU0772,ME401,6,5,59.01
571,STU0300,ME401,6,5,71.54
572,STU0780,ME401,6,5,72.48
573,STU0908,ME401,6,5,63.66
574,STU0324,ME401,6,5,59.09
575,STU0972,ME401,6,5,73.55
576,STU0756,ME401,6,5,76.71
577,STU0684,ME401,6,5,74.74
578,STU0292,ME401,6,5,79.71
579,STU0996,ME401,6,5,71.43
580,STU0284,ME401,6,5,58.45
581,STU0980,ME401,6,5,71.42
582,STU0332,ME401,6,5,70.33
583,STU0572,ME401,6,5,73.59
584,STU0180,ME401,6,5,78.78
585,STU0748,ME401,6,5,76.47
586,STU0868,ME401,6,5,61.58
587,STU0460,ME401,6,5,81.00
588,STU0788,ME401,6,5,67.95
589,STU0892,ME401,6,5,76.07
590,STU0340,ME401,6,5,61.15
591,STU0044,ME401,6,5,61.26
592,STU0036,ME401,6,5,75.59
593,STU0420,ME401,6,5,68.70
594,STU0740,ME401,6,5,67.00
595,STU0628,ME401,6,5,72.12
596,STU0276,ME401,6,5,71.35
597,STU0172,ME401,6,5,67.61
598,STU0348,ME401,6,5,75.10
599,STU0108,ME401,6,5,75.50
600,STU0076,ME401,6,5,82.64
601,STU0796,ME401,6,5,74.21
602,STU0652,ME401,6,5,59.50
603,STU0988,ME401,6,5,62.20
604,STU0444,ME401,6,5,60.16
605,STU0396,ME401,6,5,59.14
606,STU0356,ME401,6,5,70.62
607,STU0492,ME401,6,5,82.95
608,STU0732,ME401,6,5,83.10
609,STU0940,ME401,6,5,65.00
610,STU0268,ME401,6,5,78.07
611,STU0804,ME401,6,5,76.64
612,STU0260,ME401,6,5,77.96
613,STU0404,ME401,6,5,69.69
614,STU0364,ME401,6,5,64.78
615,STU0964,ME401,6,5,76.96
616,STU0916,ME401,6,5,65.15
617,STU0724,ME401,6,5,62.87
618,STU0876,ME401,6,5,67.56
619,STU0468,ME401,6,5,58.56
620,STU0636,ME401,6,5,70.65
621,STU0132,ME401,6,5,62.15
622,STU0372,ME401,6,5,76.88
623,STU0084,ME401,6,5,61.69
624,STU0668,ME401,6,5,77.18
625,STU0060,ME401,6,5,66.78
626,STU0501,CE101,6,5,82.81
627,STU0005,CE101,6,5,72.77
628,STU0013,CE101,6,5,60.81
629,STU0021,CE101,6,5,70.80
630,STU0029,CE101,6,5,64.54
631,STU0037,CE101,6,5,82.17
632,STU0045,CE101,6,5,69.03
633,STU0053,CE101,6,5,63.49
634,STU0061,CE101,6,5,75.89
635,STU0069,CE101,6,5,81.84
636,STU0077,CE101,6,5,63.12
637,STU0085,CE101,6,5,75.76
638,STU0093,CE101,6,5,60.07
639,STU0101,CE101,6,5,71.68
640,STU0109,CE101,6,5,70.52
641,STU0117,CE101,6,5,66.52
642,STU0125,CE101,6,5,77.99
643,STU0133,CE101,6,5,76.51
644,STU0141,CE101,6,5,63.18
645,STU0149,CE101,6,5,77.83
646,STU0157,CE101,6,5,69.22
647,STU0165,CE101,6,5,75.88
648,STU0173,CE101,6,5,61.80
649,STU0181,CE101,6,5,76.71
650,STU0189,CE101,6,5,74.63
651,STU0197,CE101,6,5,78.85
652,STU0205,CE101,6,5,65.33
653,STU0213,CE101,6,5,65.54
654,STU0221,CE101,6,5,69.78
655,STU0229,CE101,6,5,79.78
656,STU0237,CE101,6,5,77.34
657,STU0245,CE101,6,5,76.28
658,STU0253,CE101,6,5,61.75
659,STU0261,CE101,6,5,80.59
660,STU0269,CE101,6,5,81.82
661,STU0277,CE101,6,5,74.57
662,STU0285,CE101,6,5,60.53
663,STU0293,CE101,6,5,64.79
664,STU0301,CE101,6,5,60.40
665,STU0309,CE101,6,5,58.76
666,STU0317,CE101,6,5,65.60
667,STU0325,CE101,6,5,73.65
668,STU0333,CE101,6,5,75.28
669,STU0341,CE101,6,5,67.54
670,STU0349,CE101,6,5,68.34
671,STU0357,CE101,6,5,64.78
672,STU0365,CE101,6,5,63.58
673,STU0373,CE101,6,5,70.68
674,STU0381,CE101,6,5,73.80
675,STU0389,CE101,6,5,67.35
676,STU0397,CE101,6,5,72.22
677,STU0405,CE101,6,5,61.47
678,STU0413,CE101,6,5,62.85
679,STU0421,CE101,6,5,79.21
680,STU0429,CE101,6,5,60.10
681,STU0437,CE101,6,5,68.28
682,STU0445,CE101,6,5,68.78
683,STU0453,CE101,6,5,80.82
684,STU0461,CE101,6,5,80.04
685,STU0469,CE101,6,5,81.68
686,STU0477,CE101,6,5,82.64
687,STU0485,CE101,6,5,72.99
688,STU0493,CE101,6,5,82.68
689,STU0509,CE101,6,5,78.88
690,STU0517,CE101,6,5,64.09
691,STU0525,CE101,6,5,64.35
692,STU0533,CE101,6,5,69.32
693,STU0541,CE101,6,5,79.91
694,STU0549,CE101,6,5,69.36
695,STU0557,CE101,6,5,81.33
696,STU0565,CE101,6,5,65.02
697,STU0573,CE101,6,5,64.84
698,STU0581,CE101,6,5,66.94
699,STU0589,CE101,6,5,67.20
700,STU0597,CE101,6,5,67.43
701,STU0605,CE101,6,5,68.81
702,STU0613,CE101,6,5,75.27
703,STU0621,CE101,6,5,60.20
704,STU0629,CE101,6,5,76.80
705,STU0637,CE101,6,5,73.78
706,STU0645,CE101,6,5,77.34
707,STU0653,CE101,6,5,67.71
708,STU0661,CE101,6,5,79.60
709,STU0669,CE101,6,5,77.62
710,STU0677,CE101,6,5,81.03
711,STU0685,CE101,6,5,80.43
712,STU0693,CE101,6,5,73.12
713,STU0701,CE101,6,5,70.89
714,STU0709,CE101,6,5,61.18
715,STU0717,CE101,6,5,59.68
716,STU0725,CE101,6,5,58.47
717,STU0733,CE101,6,5,73.06
718,STU0741,CE101,6,5,82.82
719,STU0749,CE101,6,5,81.09
720,STU0757,CE101,6,5,81.50
721,STU0765,CE101,6,5,77.54
722,STU0773,CE101,6,5,58.95
723,STU0781,CE101,6,5,65.27
724,STU0789,CE101,6,5,62.62
725,STU0797,CE101,6,5,78.63
726,STU0805,CE101,6,5,74.77
727,STU0813,CE101,6,5,68.15
728,STU0821,CE101,6,5,64.00
729,STU0829,CE101,6,5,76.74
730,STU0837,CE101,6,5,66.44
731,STU0845,CE101,6,5,65.17
732,STU0853,CE101,6,5,81.07
733,STU0861,CE101,6,5,73.57
734,STU0869,CE101,6,5,63.60
735,STU0877,CE101,6,5,60.96
736,STU0885,CE101,6,5,70.65
737,STU0893,CE101,6,5,71.00
738,STU0901,CE101,6,5,71.58
739,STU0909,CE101,6,5,71.80
740,STU0917,CE101,6,5,82.22
741,STU0925,CE101,6,5,65.08
742,STU0933,CE101,6,5,71.12
743,STU0941,CE101,6,5,79.64
744,STU0949,CE101,6,5,68.98
745,STU0957,CE101,6,5,66.50
746,STU0965,CE101,6,5,58.82
747,STU0973,CE101,6,5,73.29
748,STU0981,CE101,6,5,76.93
749,STU0989,CE101,6,5,61.91
750,STU0997,CE101,6,5,65.17
751,STU0526,EE201,6,5,62.73
752,STU0166,EE201,6,5,82.26
753,STU0334,EE201,6,5,68.86
754,STU0174,EE201,6,5,73.46
755,STU0670,EE201,6,5,67.46
756,STU0326,EE201,6,5,78.44
757,STU0870,EE201,6,5,59.11
758,STU0758,EE201,6,5,80.67
759,STU0510,EE201,6,5,83.19
760,STU0182,EE201,6,5,74.59
761,STU0862,EE201,6,5,77.33
762,STU0070,EE201,6,5,68.52
763,STU0318,EE201,6,5,68.31
764,STU0190,EE201,6,5,80.53
765,STU0478,EE201,6,5,82.31
766,STU0766,EE201,6,5,60.40
767,STU0502,EE201,6,5,76.15
768,STU0854,EE201,6,5,65.35
769,STU0438,EE201,6,5,75.33
770,STU0310,EE201,6,5,78.36
771,STU0982,EE201,6,5,60.75
772,STU0566,EE201,6,5,59.75
773,STU0038,EE201,6,5,70.47
774,STU0774,EE201,6,5,64.94
775,STU0606,EE201,6,5,58.92
776,STU0198,EE201,6,5,69.91
777,STU0302,EE201,6,5,76.00
778,STU0206,EE201,6,5,65.80
779,STU0574,EE201,6,5,68.14
780,STU0294,EE201,6,5,77.75
781,STU0846,EE201,6,5,81.84
782,STU0782,EE201,6,5,74.01
783,STU0678,EE201,6,5,61.34
784,STU0998,EE201,6,5,59.70
785,STU0214,EE201,6,5,60.82
786,STU0534,EE201,6,5,70.25
787,STU0286,EE201,6,5,77.24
788,STU0838,EE201,6,5,79.88
789,STU0974,EE201,6,5,68.80
790,STU0790,EE201,6,5,72.91
791,STU0078,EE201,6,5,77.99
792,STU0222,EE201,6,5,80.44
793,STU0430,EE201,6,5,72.78
794,STU0278,EE201,6,5,75.03
795,STU0830,EE201,6,5,71.04
796,STU0942,EE201,6,5,61.42
797,STU0646,EE201,6,5,66.77
798,STU0798,EE201,6,5,69.13
799,STU0422,EE201,6,5,73.51
800,STU0030,EE201,6,5,70.50
801,STU0270,EE201,6,5,59.50
802,STU0230,EE201,6,5,73.01
803,STU0494,EE201,6,5,79.54
804,STU0262,EE201,6,5,76.36
805,STU0238,EE201,6,5,72.21
806,STU0806,EE201,6,5,65.56
807,STU0686,EE201,6,5,63.07
808,STU0822,EE201,6,5,62.08
809,STU0246,EE201,6,5,69.58
810,STU0598,EE201,6,5,72.71
811,STU0254,EE201,6,5,74.00
812,STU0814,EE201,6,5,71.22
813,STU0014,EE201,6,5,61.05
814,STU0086,EE201,6,5,66.31
815,STU0614,EE201,6,5,77.34
816,STU0414,EE201,6,5,80.77
817,STU0934,EE201,6,5,81.01
818,STU0054,EE201,6,5,71.94
819,STU0694,EE201,6,5,68.08
820,STU0470,EE201,6,5,75.48
821,STU0094,EE201,6,5,83.14
822,STU0950,EE201,6,5,74.59
823,STU0406,EE201,6,5,80.45
824,STU0926,EE201,6,5,74.01
825,STU0630,EE201,6,5,71.54
826,STU0102,EE201,6,5,63.93
827,STU0702,EE201,6,5,60.70
828,STU0486,EE201,6,5,78.32
829,STU0110,EE201,6,5,77.09
830,STU0398,EE201,6,5,77.71
831,STU0918,EE201,6,5,76.09
832,STU0654,EE201,6,5,81.10
833,STU0390,EE201,6,5,78.31
834,STU0062,EE201,6,5,74.39
835,STU0710,EE201,6,5,64.79
836,STU0542,EE201,6,5,59.76
837,STU0990,EE201,6,5,59.67
838,STU0118,EE201,6,5,75.21
839,STU0462,EE201,6,5,64.54
840,STU0382,EE201,6,5,81.19
841,STU0910,EE201,6,5,69.14
842,STU0006,EE201,6,5,67.85
843,STU0718,EE201,6,5,62.63
844,STU0590,EE201,6,5,76.35
845,STU0126,EE201,6,5,64.89
846,STU0638,EE201,6,5,62.19
847,STU0374,EE201,6,5,79.89
848,STU0902,EE201,6,5,69.20
849,STU0454,EE201,6,5,79.85
850,STU0966,EE201,6,5,78.38
851,STU0726,EE201,6,5,64.51
852,STU0958,EE201,6,5,82.55
853,STU0134,EE201,6,5,61.67
854,STU0366,EE201,6,5,79.19
855,STU0142,EE201,6,5,77.72
856,STU0662,EE201,6,5,65.89
857,STU0358,EE201,6,5,83.03
858,STU0622,EE201,6,5,75.19
859,STU0734,EE201,6,5,73.93
860,STU0550,EE201,6,5,69.47
861,STU0894,EE201,6,5,66.57
862,STU0150,EE201,6,5,68.93
863,STU0558,EE201,6,5,58.47
864,STU0350,EE201,6,5,60.61
865,STU0886,EE201,6,5,62.42
866,STU0022,EE201,6,5,61.94
867,STU0742,EE201,6,5,67.02
868,STU0518,EE201,6,5,79.24
869,STU0158,EE201,6,5,77.33
870,STU0446,EE201,6,5,59.18
871,STU0342,EE201,6,5,63.26
872,STU0878,EE201,6,5,64.96
873,STU0582,EE201,6,5,81.92
874,STU0046,EE201,6,5,80.11
875,STU0750,EE201,6,5,74.06
876,STU0767,DS301,6,5,81.00
877,STU0767,DS302,6,5,59.65
878,STU0495,DS301,6,5,59.17
879,STU0495,DS302,6,5,62.15
880,STU0063,DS301,6,5,69.62
881,STU0063,DS302,6,5,65.83
882,STU0631,DS301,6,5,65.65
883,STU0631,DS302,6,5,73.91
884,STU0487,DS301,6,5,81.10
885,STU0487,DS302,6,5,67.57
886,STU0639,DS301,6,5,59.35
887,STU0639,DS302,6,5,80.87
888,STU0479,DS301,6,5,75.33
889,STU0479,DS302,6,5,64.79
890,STU0647,DS301,6,5,70.12
891,STU0647,DS302,6,5,71.60
892,STU0471,DS301,6,5,71.06
893,STU0471,DS302,6,5,61.63
894,STU0463,DS301,6,5,68.94
895,STU0463,DS302,6,5,65.13
896,STU0007,DS301,6,5,83.11
897,STU0007,DS302,6,5,73.71
898,STU0655,DS301,6,5,61.73
899,STU0655,DS302,6,5,68.33
900,STU0455,DS301,6,5,73.65
901,STU0455,DS302,6,5,73.12
902,STU0663,DS301,6,5,68.01
903,STU0663,DS302,6,5,63.21
904,STU0447,DS301,6,5,68.04
905,STU0447,DS302,6,5,80.57
906,STU0959,DS301,6,5,68.96
907,STU0959,DS302,6,5,66.18
908,STU0671,DS301,6,5,61.99
909,STU0671,DS302,6,5,74.13
910,STU0439,DS301,6,5,68.06
911,STU0439,DS302,6,5,76.97
912,STU0431,DS301,6,5,66.02
913,STU0431,DS302,6,5,73.05
914,STU0679,DS301,6,5,76.56
915,STU0679,DS302,6,5,73.14
916,STU0423,DS301,6,5,60.09
917,STU0423,DS302,6,5,70.22
918,STU0055,DS301,6,5,82.41
919,STU0055,DS302,6,5,62.13
920,STU0687,DS301,6,5,60.20
921,STU0687,DS302,6,5,63.82
922,STU0415,DS301,6,5,65.12
923,STU0415,DS302,6,5,60.20
924,STU0695,DS301,6,5,69.63
925,STU0695,DS302,6,5,78.01
926,STU0407,DS301,6,5,77.03
927,STU0407,DS302,6,5,59.33
928,STU0399,DS301,6,5,61.64
929,STU0399,DS302,6,5,58.35
930,STU0703,DS301,6,5,78.86
931,STU0703,DS302,6,5,62.74
932,STU0391,DS301,6,5,59.41
933,STU0391,DS302,6,5,72.03
934,STU0047,DS301,6,5,79.15
935,STU0047,DS302,6,5,60.94
936,STU0711,DS301,6,5,66.27
937,STU0711,DS302,6,5,69.95
938,STU0383,DS301,6,5,68.39
939,STU0383,DS302,6,5,66.93
940,STU0719,DS301,6,5,82.46
941,STU0719,DS302,6,5,70.76
942,STU0375,DS301,6,5,73.16
943,STU0375,DS302,6,5,68.76
944,STU0367,DS301,6,5,68.61
945,STU0367,DS302,6,5,63.24
946,STU0727,DS301,6,5,75.62
947,STU0727,DS302,6,5,72.23
948,STU0359,DS301,6,5,76.68
949,STU0359,DS302,6,5,74.84
950,STU0967,DS301,6,5,62.54
951,STU0967,DS302,6,5,64.18
952,STU0735,DS301,6,5,67.16
953,STU0735,DS302,6,5,63.79
954,STU0351,DS301,6,5,67.43
955,STU0351,DS302,6,5,62.92
956,STU0743,DS301,6,5,76.65
957,STU0743,DS302,6,5,78.82
958,STU0343,DS301,6,5,72.03
959,STU0343,DS302,6,5,68.94
960,STU0335,DS301,6,5,73.10
961,STU0335,DS302,6,5,67.16
962,STU0751,DS301,6,5,75.96
963,STU0751,DS302,6,5,64.39
964,STU0327,DS301,6,5,82.00
965,STU0327,DS302,6,5,79.36
966,STU0759,DS301,6,5,80.28
967,STU0759,DS302,6,5,81.77
968,STU0319,DS301,6,5,67.15
969,STU0319,DS302,6,5,72.01
970,STU0039,DS301,6,5,73.08
971,STU0039,DS302,6,5,69.04
972,STU0311,DS301,6,5,61.87
973,STU0311,DS302,6,5,69.35
974,STU0303,DS301,6,5,68.75
975,STU0303,DS302,6,5,75.39
976,STU0775,DS301,6,5,75.93
977,STU0775,DS302,6,5,72.63
978,STU0295,DS301,6,5,75.40
979,STU0295,DS302,6,5,80.45
980,STU0783,DS301,6,5,80.96
981,STU0783,DS302,6,5,74.35
982,STU0287,DS301,6,5,80.81
983,STU0287,DS302,6,5,62.46
984,STU0791,DS301,6,5,75.72
985,STU0791,DS302,6,5,58.61
986,STU0279,DS301,6,5,65.93
987,STU0279,DS302,6,5,77.39
988,STU0271,DS301,6,5,72.59
989,STU0271,DS302,6,5,63.03
990,STU0975,DS301,6,5,83.12
991,STU0975,DS302,6,5,71.82
992,STU0799,DS301,6,5,73.97
993,STU0799,DS302,6,5,65.30
994,STU0263,DS301,6,5,58.70
995,STU0263,DS302,6,5,75.27
996,STU0807,DS301,6,5,76.77
997,STU0807,DS302,6,5,81.82
998,STU0255,DS301,6,5,69.07
999,STU0255,DS302,6,5,73.33
1000,STU0815,DS301,6,5,68.01
1001,STU0815,DS302,6,5,65.99
1002,STU0247,DS301,6,5,72.78
1003,STU0247,DS302,6,5,79.90
1004,STU0239,DS301,6,5,63.94
1005,STU0239,DS302,6,5,68.13
1006,STU0031,DS301,6,5,70.93
1007,STU0031,DS302,6,5,79.93
1008,STU0823,DS301,6,5,64.76
1009,STU0823,DS302,6,5,77.47
1010,STU0231,DS301,6,5,71.18
1011,STU0231,DS302,6,5,81.54
1012,STU0831,DS301,6,5,68.17
1013,STU0831,DS302,6,5,60.06
1014,STU0223,DS301,6,5,61.65
1015,STU0223,DS302,6,5,62.74
1016,STU0839,DS301,6,5,65.16
1017,STU0839,DS302,6,5,64.22
1018,STU0215,DS301,6,5,81.40
1019,STU0215,DS302,6,5,81.24
1020,STU0207,DS301,6,5,81.50
1021,STU0207,DS302,6,5,68.91
1022,STU0847,DS301,6,5,76.47
1023,STU0847,DS302,6,5,70.34
1024,STU0199,DS301,6,5,62.95
1025,STU0199,DS302,6,5,63.84
1026,STU0855,DS301,6,5,77.97
1027,STU0855,DS302,6,5,61.91
1028,STU0191,DS301,6,5,82.32
1029,STU0191,DS302,6,5,67.34
1030,STU0983,DS301,6,5,80.22
1031,STU0983,DS302,6,5,70.26
1032,STU0863,DS301,6,5,70.71
1033,STU0863,DS302,6,5,82.89
1034,STU0183,DS301,6,5,69.05
1035,STU0183,DS302,6,5,80.99
1036,STU0175,DS301,6,5,68.86
1037,STU0175,DS302,6,5,73.17
1038,STU0871,DS301,6,5,77.15
1039,STU0871,DS302,6,5,78.27
1040,STU0167,DS301,6,5,63.58
1041,STU0167,DS302,6,5,75.01
1042,STU0023,DS301,6,5,62.49
1043,STU0023,DS302,6,5,70.59
1044,STU0879,DS301,6,5,75.55
1045,STU0879,DS302,6,5,68.26
1046,STU0159,DS301,6,5,68.12
1047,STU0159,DS302,6,5,74.21
1048,STU0887,DS301,6,5,74.60
1049,STU0887,DS302,6,5,64.51
1050,STU0151,DS301,6,5,59.71
1051,STU0151,DS302,6,5,68.39
1052,STU0143,DS301,6,5,58.79
1053,STU0143,DS302,6,5,74.34
1054,STU0895,DS301,6,5,82.95
1055,STU0895,DS302,6,5,74.85
1056,STU0135,DS301,6,5,61.12
1057,STU0135,DS302,6,5,73.61
1058,STU0015,DS301,6,5,82.23
1059,STU0015,DS302,6,5,70.70
1060,STU0903,DS301,6,5,77.83
1061,STU0903,DS302,6,5,79.83
1062,STU0127,DS301,6,5,79.58
1063,STU0127,DS302,6,5,77.94
1064,STU0999,DS301,6,5,73.12
1065,STU0999,DS302,6,5,76.05
1066,STU0911,DS301,6,5,72.57
1067,STU0911,DS302,6,5,66.38
1068,STU0119,DS301,6,5,81.86
1069,STU0119,DS302,6,5,71.02
1070,STU0111,DS301,6,5,63.34
1071,STU0111,DS302,6,5,68.61
1072,STU0919,DS301,6,5,63.51
1073,STU0919,DS302,6,5,78.24
1074,STU0103,DS301,6,5,81.38
1075,STU0103,DS302,6,5,81.81
1076,STU0991,DS301,6,5,78.67
1077,STU0991,DS302,6,5,58.65
1078,STU0927,DS301,6,5,60.76
1079,STU0927,DS302,6,5,60.09
1080,STU0095,DS301,6,5,75.00
1081,STU0095,DS302,6,5,67.44
1082,STU0935,DS301,6,5,69.39
1083,STU0935,DS302,6,5,81.22
1084,STU0087,DS301,6,5,77.89
1085,STU0087,DS302,6,5,68.60
1086,STU0079,DS301,6,5,72.43
1087,STU0079,DS302,6,5,60.70
1088,STU0943,DS301,6,5,61.28
1089,STU0943,DS302,6,5,82.80
1090,STU0071,DS301,6,5,77.50
1091,STU0071,DS302,6,5,80.93
1092,STU0575,DS301,6,5,69.37
1093,STU0575,DS302,6,5,71.86
1094,STU0567,DS301,6,5,75.13
1095,STU0567,DS302,6,5,74.66
1096,STU0559,DS301,6,5,79.18
1097,STU0559,DS302,6,5,67.98
1098,STU0583,DS301,6,5,63.86
1099,STU0583,DS302,6,5,58.34
1100,STU0551,DS301,6,5,73.13
1101,STU0551,DS302,6,5,72.41
1102,STU0591,DS301,6,5,61.68
1103,STU0591,DS302,6,5,66.14
1104,STU0543,DS301,6,5,80.65
1105,STU0543,DS302,6,5,69.79
1106,STU0599,DS301,6,5,69.12
1107,STU0599,DS302,6,5,66.09
1108,STU0535,DS301,6,5,73.16
1109,STU0535,DS302,6,5,65.45
1110,STU0527,DS301,6,5,65.99
1111,STU0527,DS302,6,5,77.14
1112,STU0951,DS301,6,5,64.36
1113,STU0951,DS302,6,5,58.90
1114,STU0607,DS301,6,5,60.63
1115,STU0607,DS302,6,5,70.41
1116,STU0519,DS301,6,5,65.92
1117,STU0519,DS302,6,5,65.96
1118,STU0615,DS301,6,5,65.10
1119,STU0615,DS302,6,5,83.19
1120,STU0511,DS301,6,5,65.11
1121,STU0511,DS302,6,5,61.26
1122,STU0623,DS301,6,5,75.16
1123,STU0623,DS302,6,5,62.45
1124,STU0503,DS301,6,5,67.30
1125,STU0503,DS302,6,5,73.27
1126,STU0752,AI401,6,5,73.24
1127,STU0584,AI401,6,5,76.21
1128,STU0336,AI401,6,5,66.66
1129,STU0448,AI401,6,5,77.04
1130,STU0880,AI401,6,5,62.42
1131,STU0160,AI401,6,5,81.62
1132,STU0552,AI401,6,5,80.02
1133,STU0744,AI401,6,5,71.34
1134,STU0152,AI401,6,5,66.99
1135,STU0968,AI401,6,5,58.63
1136,STU0344,AI401,6,5,79.75
1137,STU0952,AI401,6,5,79.94
1138,STU0888,AI401,6,5,75.44
1139,STU0664,AI401,6,5,59.86
1140,STU0352,AI401,6,5,81.75
1141,STU0144,AI401,6,5,77.23
1142,STU0008,AI401,6,5,78.60
1143,STU0016,AI401,6,5,65.52
1144,STU0736,AI401,6,5,64.89
1145,STU0456,AI401,6,5,58.46
1146,STU0896,AI401,6,5,72.29
1147,STU0360,AI401,6,5,70.65
1148,STU0136,AI401,6,5,73.42
1149,STU0488,AI401,6,5,77.55
1150,STU0728,AI401,6,5,68.27
1151,STU0592,AI401,6,5,59.78
1152,STU0368,AI401,6,5,74.34
1153,STU0544,AI401,6,5,69.27
1154,STU0904,AI401,6,5,83.13
1155,STU0128,AI401,6,5,61.98
1156,STU0496,AI401,6,5,66.75
1157,STU0720,AI401,6,5,64.72
1158,STU0120,AI401,6,5,80.09
1159,STU0656,AI401,6,5,82.16
1160,STU0376,AI401,6,5,76.00
1161,STU0536,AI401,6,5,61.97
1162,STU0912,AI401,6,5,72.56
1163,STU0464,AI401,6,5,71.58
1164,STU0384,AI401,6,5,64.86
1165,STU0112,AI401,6,5,76.52
1166,STU0648,AI401,6,5,79.35
1167,STU0712,AI401,6,5,77.43
1168,STU0392,AI401,6,5,58.93
1169,STU0616,AI401,6,5,73.02
1170,STU0920,AI401,6,5,75.16
1171,STU0704,AI401,6,5,80.13
1172,STU0104,AI401,6,5,64.10
1173,STU0600,AI401,6,5,66.52
1174,STU0048,AI401,6,5,65.43
1175,STU0512,AI401,6,5,69.78
1176,STU0400,AI401,6,5,60.94
1177,STU0056,AI401,6,5,80.08
1178,STU0928,AI401,6,5,59.53
1179,STU0096,AI401,6,5,61.34
1180,STU0528,AI401,6,5,73.62
1181,STU0696,AI401,6,5,62.04
1182,STU0088,AI401,6,5,80.83
1183,STU0992,AI401,6,5,63.23
1184,STU0408,AI401,6,5,71.22
1185,STU0624,AI401,6,5,64.93
1186,STU0936,AI401,6,5,76.26
1187,STU0632,AI401,6,5,76.00
1188,STU0032,AI401,6,5,66.18
1189,STU0248,AI401,6,5,70.33
1190,STU0416,AI401,6,5,77.29
1191,STU0816,AI401,6,5,69.85
1192,STU0080,AI401,6,5,70.64
1193,STU0256,AI401,6,5,68.26
1194,STU0240,AI401,6,5,70.21
1195,STU0472,AI401,6,5,72.96
1196,STU0688,AI401,6,5,60.69
1197,STU0808,AI401,6,5,67.30
1198,STU0424,AI401,6,5,70.96
1199,STU0824,AI401,6,5,60.03
1200,STU0976,AI401,6,5,80.53
1201,STU0232,AI401,6,5,83.14
1202,STU0504,AI401,6,5,74.75
1203,STU0264,AI401,6,5,65.16
1204,STU0800,AI401,6,5,58.92
1205,STU0272,AI401,6,5,63.84
1206,STU0944,AI401,6,5,60.97
1207,STU0832,AI401,6,5,63.91
1208,STU0224,AI401,6,5,82.24
1209,STU0680,AI401,6,5,65.49
1210,STU0792,AI401,6,5,62.25
1211,STU0216,AI401,6,5,81.70
1212,STU0024,AI401,6,5,61.11
1213,STU0280,AI401,6,5,70.54
1214,STU0072,AI401,6,5,64.12
1215,STU0840,AI401,6,5,61.46
1216,STU0568,AI401,6,5,58.35
1217,STU0288,AI401,6,5,60.81
1218,STU0208,AI401,6,5,72.15
1219,STU0608,AI401,6,5,58.93
1220,STU0784,AI401,6,5,60.63
1221,STU1000,AI401,6,5,81.82
1222,STU0960,AI401,6,5,65.80
1223,STU0848,AI401,6,5,58.77
1224,STU0296,AI401,6,5,58.62
1225,STU0200,AI401,6,5,74.54
1226,STU0480,AI401,6,5,70.16
1227,STU0776,AI401,6,5,74.14
1228,STU0304,AI401,6,5,61.95
1229,STU0768,AI401,6,5,79.39
1230,STU0576,AI401,6,5,60.02
1231,STU0856,AI401,6,5,59.97
1232,STU0192,AI401,6,5,71.27
1233,STU0520,AI401,6,5,78.35
1234,STU0312,AI401,6,5,70.81
1235,STU0184,AI401,6,5,75.99
1236,STU0432,AI401,6,5,61.74
1237,STU0320,AI401,6,5,65.78
1238,STU0560,AI401,6,5,73.66
1239,STU0864,AI401,6,5,71.32
1240,STU0064,AI401,6,5,82.74
1241,STU0760,AI401,6,5,63.58
1242,STU0176,AI401,6,5,60.98
1243,STU0672,AI401,6,5,73.75
1244,STU0984,AI401,6,5,71.59
1245,STU0040,AI401,6,5,64.72
1246,STU0440,AI401,6,5,80.82
1247,STU0872,AI401,6,5,78.64
1248,STU0328,AI401,6,5,80.98
1249,STU0168,AI401,6,5,76.22
1250,STU0640,AI401,6,5,74.39
