attendance_id,student_id,subject_id,total_classes,classes_attended,attendance_percentage
1,STU0001,CS101,60,47,78.33
2,STU0625,CS101,60,47,78.33
3,STU0505,CS101,60,47,78.33
4,STU0953,CS101,60,47,78.33
5,STU0617,CS101,60,47,78.33
6,STU0513,CS101,60,47,78.33
7,STU0065,CS101,60,47,78.33
8,STU0521,CS101,60,47,78.33
9,STU0609,CS101,60,47,78.33
10,STU0529,CS101,60,47,78.33
11,STU0601,CS101,60,47,78.33
12,STU0537,CS101,60,47,78.33
13,STU0593,CS101,60,47,78.33
14,STU0545,CS101,60,47,78.33
15,STU0553,CS101,60,47,78.33
16,STU0585,CS101,60,47,78.33
17,STU0561,CS101,60,47,78.33
18,STU0577,CS101,60,47,78.33
19,STU0569,CS101,60,47,78.33
20,STU0073,CS101,60,47,78.33
21,STU0945,CS101,60,47,78.33
22,STU0081,CS101,60,47,78.33
23,STU0937,CS101,60,47,78.33
24,STU0089,CS101,60,47,78.33
25,STU0929,CS101,60,47,78.33
26,STU0097,CS101,60,47,78.33
27,STU0993,CS101,60,47,78.33
28,STU0105,CS101,60,47,78.33
29,STU0921,CS101,60,47,78.33
30,STU0113,CS101,60,47,78.33
31,STU0913,CS101,60,47,78.33
32,STU0121,CS101,60,47,78.33
33,STU0017,CS101,60,47,78.33
34,STU0905,CS101,60,47,78.33
35,STU0129,CS101,60,47,78.33
36,STU0137,CS101,60,47,78.33
37,STU0897,CS101,60,47,78.33
38,STU0145,CS101,60,47,78.33
39,STU0889,CS101,60,47,78.33
40,STU0153,CS101,60,47,78.33
41,STU0881,CS101,60,47,78.33
42,STU0161,CS101,60,47,78.33
43,STU0169,CS101,60,47,78.33
44,STU0985,CS101,60,47,78.33
45,STU0873,CS101,60,47,78.33
46,STU0177,CS101,60,47,78.33
47,STU0865,CS101,60,47,78.33
48,STU0185,CS101,60,47,78.33
49,STU0025,CS101,60,47,78.33
50,STU0857,CS101,60,47,78.33
51,STU0193,CS101,60,47,78.33
52,STU0201,CS101,60,47,78.33
53,STU0849,CS101,60,47,78.33
54,STU0209,CS101,60,47,78.33
55,STU0841,CS101,60,47,78.33
56,STU0217,CS101,60,47,78.33
57,STU0833,CS101,60,47,78.33
58,STU0225,CS101,60,47,78.33
59,STU0233,CS101,60,47,78.33
60,STU0825,CS101,60,47,78.33
61,STU0241,CS101,60,47,78.33
62,STU0977,CS101,60,47,78.33
63,STU0817,CS101,60,47,78.33
64,STU0249,CS101,60,47,78.33
65,STU0033,CS101,60,47,78.33
66,STU0809,CS101,60,47,78.33
67,STU0257,CS101,60,47,78.33
68,STU0265,CS101,60,47,78.33
69,STU0801,CS101,60,47,78.33
70,STU0273,CS101,60,47,78.33
71,STU0793,CS101,60,47,78.33
72,STU0281,CS101,60,47,78.33
73,STU0785,CS101,60,47,78.33
74,STU0289,CS101,60,47,78.33
75,STU0297,CS101,60,47,78.33
76,STU0777,CS101,60,47,78.33
77,STU0305,CS101,60,47,78.33
78,STU0769,CS101,60,47,78.33
79,STU0313,CS101,60,47,78.33
80,STU0041,CS101,60,47,78.33
81,STU0761,CS101,60,47,78.33
82,STU0321,CS101,60,47,78.33
83,STU0329,CS101,60,47,78.33
84,STU0753,CS101,60,47,78.33
85,STU0337,CS101,60,47,78.33
86,STU0745,CS101,60,47,78.33
87,STU0345,CS101,60,47,78.33
88,STU0737,CS101,60,47,78.33
89,STU0353,CS101,60,47,78.33
90,STU0969,CS101,60,47,78.33
91,STU0361,CS101,60,47,78.33
92,STU0729,CS101,60,47,78.33
93,STU0369,CS101,60,47,78.33
94,STU0721,CS101,60,47,78.33
95,STU0377,CS101,60,47,78.33
96,STU0049,CS101,60,47,78.33
97,STU0713,CS101,60,47,78.33
98,STU0385,CS101,60,47,78.33
99,STU0393,CS101,60,47,78.33
100,STU0705,CS101,60,47,78.33
101,STU0401,CS101,60,47,78.33
102,STU0697,CS101,60,47,78.33
103,STU0409,CS101,60,47,78.33
104,STU0689,CS101,60,47,78.33
105,STU0417,CS101,60,47,78.33
106,STU0425,CS101,60,47,78.33
107,STU0961,CS101,60,47,78.33
108,STU0681,CS101,60,47,78.33
109,STU0433,CS101,60,47,78.33
110,STU0673,CS101,60,47,78.33
111,STU0441,CS101,60,47,78.33
112,STU0057,CS101,60,47,78.33
113,STU0665,CS101,60,47,78.33
114,STU0449,CS101,60,47,78.33
115,STU0457,CS101,60,47,78.33
116,STU0657,CS101,60,47,78.33
117,STU0465,CS101,60,47,78.33
118,STU0649,CS101,60,47,78.33
119,STU0473,CS101,60,47,78.33
120,STU0009,CS101,60,47,78.33
121,STU0641,CS101,60,47,78.33
122,STU0481,CS101,60,47,78.33
123,STU0489,CS101,60,47,78.33
124,STU0633,CS101,60,47,78.33
125,STU0497,CS101,60,47,78.33
126,STU0914,IT201,60,47,78.33
127,STU0626,IT201,60,47,78.33
128,STU0722,IT201,60,47,78.33
129,STU0874,IT201,60,47,78.33
130,STU0810,IT201,60,47,78.33
131,STU0370,IT201,60,47,78.33
132,STU0442,IT201,60,47,78.33
133,STU0258,IT201,60,47,78.33
134,STU0418,IT201,60,47,78.33
135,STU0362,IT201,60,47,78.33
136,STU0034,IT201,60,47,78.33
137,STU0466,IT201,60,47,78.33
138,STU0170,IT201,60,47,78.33
139,STU0802,IT201,60,47,78.33
140,STU0122,IT201,60,47,78.33
141,STU0266,IT201,60,47,78.33
142,STU0074,IT201,60,47,78.33
143,STU0730,IT201,60,47,78.33
144,STU0114,IT201,60,47,78.33
145,STU0354,IT201,60,47,78.33
146,STU0738,IT201,60,47,78.33
147,STU0946,IT201,60,47,78.33
148,STU0570,IT201,60,47,78.33
149,STU0274,IT201,60,47,78.33
150,STU0106,IT201,60,47,78.33
151,STU0346,IT201,60,47,78.33
152,STU0746,IT201,60,47,78.33
153,STU0794,IT201,60,47,78.33
154,STU0962,IT201,60,47,78.33
155,STU0338,IT201,60,47,78.33
156,STU0666,IT201,60,47,78.33
157,STU0282,IT201,60,47,78.33
158,STU0178,IT201,60,47,78.33
159,STU0330,IT201,60,47,78.33
160,STU0458,IT201,60,47,78.33
161,STU0018,IT201,60,47,78.33
162,STU0786,IT201,60,47,78.33
163,STU0634,IT201,60,47,78.33
164,STU0498,IT201,60,47,78.33
165,STU0290,IT201,60,47,78.33
166,STU0394,IT201,60,47,78.33
167,STU0754,IT201,60,47,78.33
168,STU0042,IT201,60,47,78.33
169,STU0322,IT201,60,47,78.33
170,STU0474,IT201,60,47,78.33
171,STU0778,IT201,60,47,78.33
172,STU0450,IT201,60,47,78.33
173,STU0298,IT201,60,47,78.33
174,STU0866,IT201,60,47,78.33
175,STU0490,IT201,60,47,78.33
176,STU0578,IT201,60,47,78.33
177,STU0562,IT201,60,47,78.33
178,STU0658,IT201,60,47,78.33
179,STU0994,IT201,60,47,78.33
180,STU0762,IT201,60,47,78.33
181,STU0306,IT201,60,47,78.33
182,STU0186,IT201,60,47,78.33
183,STU0314,IT201,60,47,78.33
184,STU0970,IT201,60,47,78.33
185,STU0770,IT201,60,47,78.33
186,STU0058,IT201,60,47,78.33
187,STU0146,IT201,60,47,78.33
188,STU0706,IT201,60,47,78.33
189,STU0682,IT201,60,47,78.33
190,STU0698,IT201,60,47,78.33
191,STU0858,IT201,60,47,78.33
192,STU0554,IT201,60,47,78.33
193,STU0426,IT201,60,47,78.33
194,STU0194,IT201,60,47,78.33
195,STU0922,IT201,60,47,78.33
196,STU0586,IT201,60,47,78.33
197,STU0026,IT201,60,47,78.33
198,STU0010,IT201,60,47,78.33
199,STU0402,IT201,60,47,78.33
200,STU0850,IT201,60,47,78.33
201,STU0890,IT201,60,47,78.33
202,STU0202,IT201,60,47,78.33
203,STU0410,IT201,60,47,78.33
204,STU0546,IT201,60,47,78.33
205,STU0098,IT201,60,47,78.33
206,STU0050,IT201,60,47,78.33
207,STU0594,IT201,60,47,78.33
208,STU0690,IT201,60,47,78.33
209,STU0482,IT201,60,47,78.33
210,STU0210,IT201,60,47,78.33
211,STU0154,IT201,60,47,78.33
212,STU0538,IT201,60,47,78.33
213,STU0386,IT201,60,47,78.33
214,STU0842,IT201,60,47,78.33
215,STU0898,IT201,60,47,78.33
216,STU0602,IT201,60,47,78.33
217,STU0530,IT201,60,47,78.33
218,STU0218,IT201,60,47,78.33
219,STU0930,IT201,60,47,78.33
220,STU0066,IT201,60,47,78.33
221,STU0002,IT201,60,47,78.33
222,STU0090,IT201,60,47,78.33
223,STU0834,IT201,60,47,78.33
224,STU0130,IT201,60,47,78.33
225,STU0522,IT201,60,47,78.33
226,STU0226,IT201,60,47,78.33
227,STU0882,IT201,60,47,78.33
228,STU0714,IT201,60,47,78.33
229,STU0642,IT201,60,47,78.33
230,STU0610,IT201,60,47,78.33
231,STU0138,IT201,60,47,78.33
232,STU0826,IT201,60,47,78.33
233,STU0434,IT201,60,47,78.33
234,STU0234,IT201,60,47,78.33
235,STU0162,IT201,60,47,78.33
236,STU0514,IT201,60,47,78.33
237,STU0978,IT201,60,47,78.33
238,STU0906,IT201,60,47,78.33
239,STU0954,IT201,60,47,78.33
240,STU0938,IT201,60,47,78.33
241,STU0618,IT201,60,47,78.33
242,STU0242,IT201,60,47,78.33
243,STU0986,IT201,60,47,78.33
244,STU0506,IT201,60,47,78.33
245,STU0378,IT201,60,47,78.33
246,STU0818,IT201,60,47,78.33
247,STU0674,IT201,60,47,78.33
248,STU0650,IT201,60,47,78.33
249,STU0082,IT201,60,47,78.33
250,STU0250,IT201,60,47,78.33
251,STU0907,EC301,60,47,78.33
252,STU0907,EC302,60,47,78.33
253,STU0643,EC301,60,47,78.33
254,STU0643,EC302,60,47,78.33
255,STU0131,EC301,60,47,78.33
256,STU0131,EC302,60,47,78.33
257,STU0899,EC301,60,47,78.33
258,STU0899,EC302,60,47,78.33
259,STU0411,EC301,60,47,78.33
260,STU0411,EC302,60,47,78.33
261,STU0139,EC301,60,47,78.33
262,STU0139,EC302,60,47,78.33
263,STU0019,EC301,60,47,78.33
264,STU0019,EC302,60,47,78.33
265,STU0891,EC301,60,47,78.33
266,STU0891,EC302,60,47,78.33
267,STU0147,EC301,60,47,78.33
268,STU0147,EC302,60,47,78.33
269,STU0691,EC301,60,47,78.33
270,STU0691,EC302,60,47,78.33
271,STU0155,EC301,60,47,78.33
272,STU0155,EC302,60,47,78.33
273,STU0883,EC301,60,47,78.33
274,STU0883,EC302,60,47,78.33
275,STU0627,EC301,60,47,78.33
276,STU0627,EC302,60,47,78.33
277,STU0163,EC301,60,47,78.33
278,STU0163,EC302,60,47,78.33
279,STU0875,EC301,60,47,78.33
280,STU0875,EC302,60,47,78.33
281,STU0171,EC301,60,47,78.33
282,STU0171,EC302,60,47,78.33
283,STU0419,EC301,60,47,78.33
284,STU0419,EC302,60,47,78.33
285,STU0867,EC301,60,47,78.33
286,STU0867,EC302,60,47,78.33
287,STU0179,EC301,60,47,78.33
288,STU0179,EC302,60,47,78.33
289,STU0683,EC301,60,47,78.33
290,STU0683,EC302,60,47,78.33
291,STU0187,EC301,60,47,78.33
292,STU0187,EC302,60,47,78.33
293,STU0859,EC301,60,47,78.33
294,STU0859,EC302,60,47,78.33
295,STU0195,EC301,60,47,78.33
296,STU0195,EC302,60,47,78.33
297,STU0851,EC301,60,47,78.33
298,STU0851,EC302,60,47,78.33
299,STU0427,EC301,60,47,78.33
300,STU0427,EC302,60,47,78.33
301,STU0203,EC301,60,47,78.33
302,STU0203,EC302,60,47,78.33
303,STU0027,EC301,60,47,78.33
304,STU0027,EC302,60,47,78.33
305,STU0843,EC301,60,47,78.33
306,STU0843,EC302,60,47,78.33
307,STU0211,EC301,60,47,78.33
308,STU0211,EC302,60,47,78.33
309,STU0483,EC301,60,47,78.33
310,STU0483,EC302,60,47,78.33
311,STU0219,EC301,60,47,78.33
312,STU0219,EC302,60,47,78.33
313,STU0835,EC301,60,47,78.33
314,STU0835,EC302,60,47,78.33
315,STU0675,EC301,60,47,78.33
316,STU0675,EC302,60,47,78.33
317,STU0227,EC301,60,47,78.33
318,STU0227,EC302,60,47,78.33
319,STU0979,EC301,60,47,78.33
320,STU0979,EC302,60,47,78.33
321,STU0827,EC301,60,47,78.33
322,STU0827,EC302,60,47,78.33
323,STU0235,EC301,60,47,78.33
324,STU0235,EC302,60,47,78.33
325,STU0435,EC301,60,47,78.33
326,STU0435,EC302,60,47,78.33
327,STU0819,EC301,60,47,78.33
328,STU0819,EC302,60,47,78.33
329,STU0243,EC301,60,47,78.33
330,STU0243,EC302,60,47,78.33
331,STU0955,EC301,60,47,78.33
332,STU0955,EC302,60,47,78.33
333,STU0251,EC301,60,47,78.33
334,STU0251,EC302,60,47,78.33
335,STU0811,EC301,60,47,78.33
336,STU0811,EC302,60,47,78.33
337,STU0259,EC301,60,47,78.33
338,STU0259,EC302,60,47,78.33
339,STU0803,EC301,60,47,78.33
340,STU0803,EC302,60,47,78.33
341,STU0443,EC301,60,47,78.33
342,STU0443,EC302,60,47,78.33
343,STU0267,EC301,60,47,78.33
344,STU0267,EC302,60,47,78.33
345,STU0035,EC301,60,47,78.33
346,STU0035,EC302,60,47,78.33
347,STU0795,EC301,60,47,78.33
348,STU0795,EC302,60,47,78.33
349,STU0635,EC301,60,47,78.33
350,STU0635,EC302,60,47,78.33
351,STU0275,EC301,60,47,78.33
352,STU0275,EC302,60,47,78.33
353,STU0667,EC301,60,47,78.33
354,STU0667,EC302,60,47,78.33
355,STU0283,EC301,60,47,78.33
356,STU0283,EC302,60,47,78.33
357,STU0787,EC301,60,47,78.33
358,STU0787,EC302,60,47,78.33
359,STU0291,EC301,60,47,78.33
360,STU0291,EC302,60,47,78.33
361,STU0779,EC301,60,47,78.33
362,STU0779,EC302,60,47,78.33
363,STU0299,EC301,60,47,78.33
364,STU0299,EC302,60,47,78.33
365,STU0971,EC301,60,47,78.33
366,STU0971,EC302,60,47,78.33
367,STU0451,EC301,60,47,78.33
368,STU0451,EC302,60,47,78.33
369,STU0771,EC301,60,47,78.33
370,STU0771,EC302,60,47,78.33
371,STU0307,EC301,60,47,78.33
372,STU0307,EC302,60,47,78.33
373,STU0315,EC301,60,47,78.33
374,STU0315,EC302,60,47,78.33
375,STU0659,EC301,60,47,78.33
376,STU0659,EC302,60,47,78.33
377,STU0763,EC301,60,47,78.33
378,STU0763,EC302,60,47,78.33
379,STU0323,EC301,60,47,78.33
380,STU0323,EC302,60,47,78.33
381,STU0755,EC301,60,47,78.33
382,STU0755,EC302,60,47,78.33
383,STU0331,EC301,60,47,78.33
384,STU0331,EC302,60,47,78.33
385,STU0043,EC301,60,47,78.33
386,STU0043,EC302,60,47,78.33
387,STU0459,EC301,60,47,78.33
388,STU0459,EC302,60,47,78.33
389,STU0747,EC301,60,47,78.33
390,STU0747,EC302,60,47,78.33
391,STU0339,EC301,60,47,78.33
392,STU0339,EC302,60,47,78.33
393,STU0059,EC301,60,47,78.33
394,STU0059,EC302,60,47,78.33
395,STU0491,EC301,60,47,78.33
396,STU0491,EC302,60,47,78.33
397,STU0347,EC301,60,47,78.33
398,STU0347,EC302,60,47,78.33
399,STU0995,EC301,60,47,78.33
400,STU0995,EC302,60,47,78.33
401,STU0739,EC301,60,47,78.33
402,STU0739,EC302,60,47,78.33
403,STU0651,EC301,60,47,78.33
404,STU0651,EC302,60,47,78.33
405,STU0355,EC301,60,47,78.33
406,STU0355,EC302,60,47,78.33
407,STU0731,EC301,60,47,78.33
408,STU0731,EC302,60,47,78.33
409,STU0363,EC301,60,47,78.33
410,STU0363,EC302,60,47,78.33
411,STU0467,EC301,60,47,78.33
412,STU0467,EC302,60,47,78.33
413,STU0723,EC301,60,47,78.33
414,STU0723,EC302,60,47,78.33
415,STU0371,EC301,60,47,78.33
416,STU0371,EC302,60,47,78.33
417,STU0963,EC301,60,47,78.33
418,STU0963,EC302,60,47,78.33
419,STU0507,EC301,60,47,78.33
420,STU0507,EC302,60,47,78.33
421,STU0379,EC301,60,47,78.33
422,STU0379,EC302,60,47,78.33
423,STU0619,EC301,60,47,78.33
424,STU0619,EC302,60,47,78.33
425,STU0515,EC301,60,47,78.33
426,STU0515,EC302,60,47,78.33
427,STU0715,EC301,60,47,78.33
428,STU0715,EC302,60,47,78.33
429,STU0611,EC301,60,47,78.33
430,STU0611,EC302,60,47,78.33
431,STU0523,EC301,60,47,78.33
432,STU0523,EC302,60,47,78.33
433,STU0603,EC301,60,47,78.33
434,STU0603,EC302,60,47,78.33
435,STU0499,EC301,60,47,78.33
436,STU0499,EC302,60,47,78.33
437,STU0531,EC301,60,47,78.33
438,STU0531,EC302,60,47,78.33
439,STU0067,EC301,60,47,78.33
440,STU0067,EC302,60,47,78.33
441,STU0387,EC301,60,47,78.33
442,STU0387,EC302,60,47,78.33
443,STU0539,EC301,60,47,78.33
444,STU0539,EC302,60,47,78.33
445,STU0595,EC301,60,47,78.33
446,STU0595,EC302,60,47,78.33
447,STU0547,EC301,60,47,78.33
448,STU0547,EC302,60,47,78.33
449,STU0587,EC301,60,47,78.33
450,STU0587,EC302,60,47,78.33
451,STU0555,EC301,60,47,78.33
452,STU0555,EC302,60,47,78.33
453,STU0707,EC301,60,47,78.33
454,STU0707,EC302,60,47,78.33
455,STU0579,EC301,60,47,78.33
456,STU0579,EC302,60,47,78.33
457,STU0563,EC301,60,47,78.33
458,STU0563,EC302,60,47,78.33
459,STU0947,EC301,60,47,78.33
460,STU0947,EC302,60,47,78.33
461,STU0571,EC301,60,47,78.33
462,STU0571,EC302,60,47,78.33
463,STU0395,EC301,60,47,78.33
464,STU0395,EC302,60,47,78.33
465,STU0075,EC301,60,47,78.33
466,STU0075,EC302,60,47,78.33
467,STU0011,EC301,60,47,78.33
468,STU0011,EC302,60,47,78.33
469,STU0939,EC301,60,47,78.33
470,STU0939,EC302,60,47,78.33
471,STU0051,EC301,60,47,78.33
472,STU0051,EC302,60,47,78.33
473,STU0083,EC301,60,47,78.33
474,STU0083,EC302,60,47,78.33
475,STU0475,EC301,60,47,78.33
476,STU0475,EC302,60,47,78.33
477,STU0091,EC301,60,47,78.33
478,STU0091,EC302,60,47,78.33
479,STU0003,EC301,60,47,78.33
480,STU0003,EC302,60,47,78.33
481,STU0931,EC301,60,47,78.33
482,STU0931,EC302,60,47,78.33
483,STU0699,EC301,60,47,78.33
484,STU0699,EC302,60,47,78.33
485,STU0099,EC301,60,47,78.33
486,STU0099,EC302,60,47,78.33
487,STU0923,EC301,60,47,78.33
488,STU0923,EC302,60,47,78.33
489,STU0403,EC301,60,47,78.33
490,STU0403,EC302,60,47,78.33
491,STU0107,EC301,60,47,78.33
492,STU0107,EC302,60,47,78.33
493,STU0915,EC301,60,47,78.33
494,STU0915,EC302,60,47,78.33
495,STU0115,EC301,60,47,78.33
496,STU0115,EC302,60,47,78.33
497,STU0987,EC301,60,47,78.33
498,STU0987,EC302,60,47,78.33
499,STU0123,EC301,60,47,78.33
500,STU0123,EC302,60,47,78.33
501,STU0716,ME401,60,47,78.33
502,STU0252,ME401,60,47,78.33
503,STU0812,ME401,60,47,78.33
504,STU0620,ME401,60,47,78.33
505,STU0956,ME401,60,47,78.33
506,STU0244,ME401,60,47,78.33
507,STU0012,ME401,60,47,78.33
508,STU0508,ME401,60,47,78.33
509,STU0164,ME401,60,47,78.33
510,STU0052,ME401,60,47,78.33
511,STU0436,ME401,60,47,78.33
512,STU0380,ME401,60,47,78.33
513,STU0820,ME401,60,47,78.33
514,STU0236,ME401,60,47,78.33
515,STU0932,ME401,60,47,78.33
516,STU0516,ME401,60,47,78.33
517,STU0700,ME401,60,47,78.33
518,STU0612,ME401,60,47,78.33
519,STU0004,ME401,60,47,78.33
520,STU0828,ME401,60,47,78.33
521,STU0228,ME401,60,47,78.33
522,STU0484,ME401,60,47,78.33
523,STU0412,ME401,60,47,78.33
524,STU0524,ME401,60,47,78.33
525,STU0220,ME401,60,47,78.33
526,STU0644,ME401,60,47,78.33
527,STU0604,ME401,60,47,78.33
528,STU0092,ME401,60,47,78.33
529,STU0692,ME401,60,47,78.33
530,STU0676,ME401,60,47,78.33
531,STU0116,ME401,60,47,78.33
532,STU0532,ME401,60,47,78.33
533,STU0156,ME401,60,47,78.33
534,STU0836,ME401,60,47,78.33
535,STU0028,ME401,60,47,78.33
536,STU0596,ME401,60,47,78.33
537,STU0124,ME401,60,47,78.33
538,STU0212,ME401,60,47,78.33
539,STU0476,ME401,60,47,78.33
540,STU0540,ME401,60,47,78.33
541,STU0068,ME401,60,47,78.33
542,STU0884,ME401,60,47,78.33
543,STU0844,ME401,60,47,78.33
544,STU0388,ME401,60,47,78.33
545,STU0428,ME401,60,47,78.33
546,STU0204,ME401,60,47,78.33
547,STU0140,ME401,60,47,78.33
548,STU0548,ME401,60,47,78.33
549,STU0852,ME401,60,47,78.33
550,STU0588,ME401,60,47,78.33
551,STU0100,ME401,60,47,78.33
552,STU0196,ME401,60,47,78.33
553,STU0708,ME401,60,47,78.33
554,STU0500,ME401,60,47,78.33
555,STU0020,ME401,60,47,78.33
556,STU0556,ME401,60,47,78.33
557,STU0948,ME401,60,47,78.33
558,STU0924,ME401,60,47,78.33
559,STU0580,ME401,60,47,78.33
560,STU0900,ME401,60,47,78.33
561,STU0188,ME401,60,47,78.33
562,STU0764,ME401,60,47,78.33
563,STU0660,ME401,60,47,78.33
564,STU0308,ME401,60,47,78.33
565,STU0860,ME401,60,47,78.33
566,STU0316,ME401,60,47,78.33
567,STU0148,ME401,60,47,78.33
568,STU0564,ME401,60,47,78.33
569,STU0452,ME401,60,47,78.33
570,STU0772,ME401,60,47,78.33
571,STU0300,ME401,60,47,78.33
572,STU0780,ME401,60,47,78.33
573,STU0908,ME401,60,47,78.33
574,STU0324,ME401,60,47,78.33
575,STU0972,ME401,60,47,78.33
576,STU0756,ME401,60,47,78.33
577,STU0684,ME401,60,47,78.33
578,STU0292,ME401,60,47,78.33
579,STU0996,ME401,60,47,78.33
580,STU0284,ME401,60,47,78.33
581,STU0980,ME401,60,47,78.33
582,STU0332,ME401,60,47,78.33
583,STU0572,ME401,60,47,78.33
584,STU0180,ME401,60,47,78.33
585,STU0748,ME401,60,47,78.33
586,STU0868,ME401,60,47,78.33
587,STU0460,ME401,60,47,78.33
588,STU0788,ME401,60,47,78.33
589,STU0892,ME401,60,47,78.33
590,STU0340,ME401,60,47,78.33
591,STU0044,ME401,60,47,78.33
592,STU0036,ME401,60,47,78.33
593,STU0420,ME401,60,47,78.33
594,STU0740,ME401,60,47,78.33
595,STU0628,ME401,60,47,78.33
596,STU0276,ME401,60,47,78.33
597,STU0172,ME401,60,47,78.33
598,STU0348,ME401,60,47,78.33
599,STU0108,ME401,60,47,78.33
600,STU0076,ME401,60,47,78.33
601,STU0796,ME401,60,47,78.33
602,STU0652,ME401,60,47,78.33
603,STU0988,ME401,60,47,78.33
604,STU0444,ME401,60,47,78.33
605,STU0396,ME401,60,47,78.33
606,STU0356,ME401,60,47,78.33
607,STU0492,ME401,60,47,78.33
608,STU0732,ME401,60,47,78.33
609,STU0940,ME401,60,47,78.33
610,STU0268,ME401,60,47,78.33
611,STU0804,ME401,60,47,78.33
612,STU0260,ME401,60,47,78.33
613,STU0404,ME401,60,47,78.33
614,STU0364,ME401,60,47,78.33
615,STU0964,ME401,60,47,78.33
616,STU0916,ME401,60,47,78.33
617,STU0724,ME401,60,47,78.33
618,STU0876,ME401,60,47,78.33
619,STU0468,ME401,60,47,78.33
620,STU0636,ME401,60,47,78.33
621,STU0132,ME401,60,47,78.33
622,STU0372,ME401,60,47,78.33
623,STU0084,ME401,60,47,78.33
624,STU0668,ME401,60,47,78.33
625,STU0060,ME401,60,47,78.33
626,STU0501,CE101,60,47,78.33
627,STU0005,CE101,60,47,78.33
628,STU0013,CE101,60,47,78.33
629,STU0021,CE101,60,47,78.33
630,STU0029,CE101,60,47,78.33
631,STU0037,CE101,60,47,78.33
632,STU0045,CE101,60,47,78.33
633,STU0053,CE101,60,47,78.33
634,STU0061,CE101,60,47,78.33
635,STU0069,CE101,60,47,78.33
636,STU0077,CE101,60,47,78.33
637,STU0085,CE101,60,47,78.33
638,STU0093,CE101,60,47,78.33
639,STU0101,CE101,60,47,78.33
640,STU0109,CE101,60,47,78.33
641,STU0117,CE101,60,47,78.33
642,STU0125,CE101,60,47,78.33
643,STU0133,CE101,60,47,78.33
644,STU0141,CE101,60,47,78.33
645,STU0149,CE101,60,47,78.33
646,STU0157,CE101,60,47,78.33
647,STU0165,CE101,60,47,78.33
648,STU0173,CE101,60,47,78.33
649,STU0181,CE101,60,47,78.33
650,STU0189,CE101,60,47,78.33
651,STU0197,CE101,60,47,78.33
652,STU0205,CE101,60,47,78.33
653,STU0213,CE101,60,47,78.33
654,STU0221,CE101,60,47,78.33
655,STU0229,CE101,60,47,78.33
656,STU0237,CE101,60,47,78.33
657,STU0245,CE101,60,47,78.33
658,STU0253,CE101,60,47,78.33
659,STU0261,CE101,60,47,78.33
660,STU0269,CE101,60,47,78.33
661,STU0277,CE101,60,47,78.33
662,STU0285,CE101,60,47,78.33
663,STU0293,CE101,60,47,78.33
664,STU0301,CE101,60,47,78.33
665,STU0309,CE101,60,47,78.33
666,STU0317,CE101,60,47,78.33
667,STU0325,CE101,60,47,78.33
668,STU0333,CE101,60,47,78.33
669,STU0341,CE101,60,47,78.33
670,STU0349,CE101,60,47,78.33
671,STU0357,CE101,60,47,78.33
672,STU0365,CE101,60,47,78.33
673,STU0373,CE101,60,47,78.33
674,STU0381,CE101,60,47,78.33
675,STU0389,CE101,60,47,78.33
676,STU0397,CE101,60,47,78.33
677,STU0405,CE101,60,47,78.33
678,STU0413,CE101,60,47,78.33
679,STU0421,CE101,60,47,78.33
680,STU0429,CE101,60,47,78.33
681,STU0437,CE101,60,47,78.33
682,STU0445,CE101,60,47,78.33
683,STU0453,CE101,60,47,78.33
684,STU0461,CE101,60,47,78.33
685,STU0469,CE101,60,47,78.33
686,STU0477,CE101,60,47,78.33
687,STU0485,CE101,60,47,78.33
688,STU0493,CE101,60,47,78.33
689,STU0509,CE101,60,47,78.33
690,STU0517,CE101,60,47,78.33
691,STU0525,CE101,60,47,78.33
692,STU0533,CE101,60,47,78.33
693,STU0541,CE101,60,47,78.33
694,STU0549,CE101,60,47,78.33
695,STU0557,CE101,60,47,78.33
696,STU0565,CE101,60,47,78.33
697,STU0573,CE101,60,47,78.33
698,STU0581,CE101,60,47,78.33
699,STU0589,CE101,60,47,78.33
700,STU0597,CE101,60,47,78.33
701,STU0605,CE101,60,47,78.33
702,STU0613,CE101,60,47,78.33
703,STU0621,CE101,60,47,78.33
704,STU0629,CE101,60,47,78.33
705,STU0637,CE101,60,47,78.33
706,STU0645,CE101,60,47,78.33
707,STU0653,CE101,60,47,78.33
708,STU0661,CE101,60,47,78.33
709,STU0669,CE101,60,47,78.33
710,STU0677,CE101,60,47,78.33
711,STU0685,CE101,60,47,78.33
712,STU0693,CE101,60,47,78.33
713,STU0701,CE101,60,47,78.33
714,STU0709,CE101,60,47,78.33
715,STU0717,CE101,60,47,78.33
716,STU0725,CE101,60,47,78.33
717,STU0733,CE101,60,47,78.33
718,STU0741,CE101,60,47,78.33
719,STU0749,CE101,60,47,78.33
720,STU0757,CE101,60,47,78.33
721,STU0765,CE101,60,47,78.33
722,STU0773,CE101,60,47,78.33
723,STU0781,CE101,60,47,78.33
724,STU0789,CE101,60,47,78.33
725,STU0797,CE101,60,47,78.33
726,STU0805,CE101,60,47,78.33
727,STU0813,CE101,60,47,78.33
728,STU0821,CE101,60,47,78.33
729,STU0829,CE101,60,47,78.33
730,STU0837,CE101,60,47,78.33
731,STU0845,CE101,60,47,78.33
732,STU0853,CE101,60,47,78.33
733,STU0861,CE101,60,47,78.33
734,STU0869,CE101,60,47,78.33
735,STU0877,CE101,60,47,78.33
736,STU0885,CE101,60,47,78.33
737,STU0893,CE101,60,47,78.33
738,STU0901,CE101,60,47,78.33
739,STU0909,CE101,60,47,78.33
740,STU0917,CE101,60,47,78.33
741,STU0925,CE101,60,47,78.33
742,STU0933,CE101,60,47,78.33
743,STU0941,CE101,60,47,78.33
744,STU0949,CE101,60,47,78.33
745,STU0957,CE101,60,47,78.33
746,STU0965,CE101,60,47,78.33
747,STU0973,CE101,60,47,78.33
748,STU0981,CE101,60,47,78.33
749,STU0989,CE101,60,47,78.33
750,STU0997,CE101,60,47,78.33
751,STU0526,EE201,60,47,78.33
752,STU0166,EE201,60,47,78.33
753,STU0334,EE201,60,47,78.33
754,STU0174,EE201,60,47,78.33
755,STU0670,EE201,60,47,78.33
756,STU0326,EE201,60,47,78.33
757,STU0870,EE201,60,47,78.33
758,STU0758,EE201,60,47,78.33
759,STU0510,EE201,60,47,78.33
760,STU0182,EE201,60,47,78.33
761,STU0862,EE201,60,47,78.33
762,STU0070,EE201,60,47,78.33
763,STU0318,EE201,60,47,78.33
764,STU0190,EE201,60,47,78.33
765,STU0478,EE201,60,47,78.33
766,STU0766,EE201,60,47,78.33
767,STU0502,EE201,60,47,78.33
768,STU0854,EE201,60,47,78.33
769,STU0438,EE201,60,47,78.33
770,STU0310,EE201,60,47,78.33
771,STU0982,EE201,60,47,78.33
772,STU0566,EE201,60,47,78.33
773,STU0038,EE201,60,47,78.33
774,STU0774,EE201,60,47,78.33
775,STU0606,EE201,60,47,78.33
776,STU0198,EE201,60,47,78.33
777,STU0302,EE201,60,47,78.33
778,STU0206,EE201,60,47,78.33
779,STU0574,EE201,60,47,78.33
780,STU0294,EE201,60,47,78.33
781,STU0846,EE201,60,47,78.33
782,STU0782,EE201,60,47,78.33
783,STU0678,EE201,60,47,78.33
784,STU0998,EE201,60,47,78.33
785,STU0214,EE201,60,47,78.33
786,STU0534,EE201,60,47,78.33
787,STU0286,EE201,60,47,78.33
788,STU0838,EE201,60,47,78.33
789,STU0974,EE201,60,47,78.33
790,STU0790,EE201,60,47,78.33
791,STU0078,EE201,60,47,78.33
792,STU0222,EE201,60,47,78.33
793,STU0430,EE201,60,47,78.33
794,STU0278,EE201,60,47,78.33
795,STU0830,EE201,60,47,78.33
796,STU0942,EE201,60,47,78.33
797,STU0646,EE201,60,47,78.33
798,STU0798,EE201,60,47,78.33
799,STU0422,EE201,60,47,78.33
800,STU0030,EE201,60,47,78.33
801,STU0270,EE201,60,47,78.33
802,STU0230,EE201,60,47,78.33
803,STU0494,EE201,60,47,78.33
804,STU0262,EE201,60,47,78.33
805,STU0238,EE201,60,47,78.33
806,STU0806,EE201,60,47,78.33
807,STU0686,EE201,60,47,78.33
808,STU0822,EE201,60,47,78.33
809,STU0246,EE201,60,47,78.33
810,STU0598,EE201,60,47,78.33
811,STU0254,EE201,60,47,78.33
812,STU0814,EE201,60,47,78.33
813,STU0014,EE201,60,47,78.33
814,STU0086,EE201,60,47,78.33
815,STU0614,EE201,60,47,78.33
816,STU0414,EE201,60,47,78.33
817,STU0934,EE201,60,47,78.33
818,STU0054,EE201,60,47,78.33
819,STU0694,EE201,60,47,78.33
820,STU0470,EE201,60,47,78.33
821,STU0094,EE201,60,47,78.33
822,STU0950,EE201,60,47,78.33
823,STU0406,EE201,60,47,78.33
824,STU0926,EE201,60,47,78.33
825,STU0630,EE201,60,47,78.33
826,STU0102,EE201,60,47,78.33
827,STU0702,EE201,60,47,78.33
828,STU0486,EE201,60,47,78.33
829,STU0110,EE201,60,47,78.33
830,STU0398,EE201,60,47,78.33
831,STU0918,EE201,60,47,78.33
832,STU0654,EE201,60,47,78.33
833,STU0390,EE201,60,47,78.33
834,STU0062,EE201,60,47,78.33
835,STU0710,EE201,60,47,78.33
836,STU0542,EE201,60,47,78.33
837,STU0990,EE201,60,47,78.33
838,STU0118,EE201,60,47,78.33
839,STU0462,EE201,60,47,78.33
840,STU0382,EE201,60,47,78.33
841,STU0910,EE201,60,47,78.33
842,STU0006,EE201,60,47,78.33
843,STU0718,EE201,60,47,78.33
844,STU0590,EE201,60,47,78.33
845,STU0126,EE201,60,47,78.33
846,STU0638,EE201,60,47,78.33
847,STU0374,EE201,60,47,78.33
848,STU0902,EE201,60,47,78.33
849,STU0454,EE201,60,47,78.33
850,STU0966,EE201,60,47,78.33
851,STU0726,EE201,60,47,78.33
852,STU0958,EE201,60,47,78.33
853,STU0134,EE201,60,47,78.33
854,STU0366,EE201,60,47,78.33
855,STU0142,EE201,60,47,78.33
856,STU0662,EE201,60,47,78.33
857,STU0358,EE201,60,47,78.33
858,STU0622,EE201,60,47,78.33
859,STU0734,EE201,60,47,78.33
860,STU0550,EE201,60,47,78.33
861,STU0894,EE201,60,47,78.33
862,STU0150,EE201,60,47,78.33
863,STU0558,EE201,60,47,78.33
864,STU0350,EE201,60,47,78.33
865,STU0886,EE201,60,47,78.33
866,STU0022,EE201,60,47,78.33
867,STU0742,EE201,60,47,78.33
868,STU0518,EE201,60,47,78.33
869,STU0158,EE201,60,47,78.33
870,STU0446,EE201,60,47,78.33
871,STU0342,EE201,60,47,78.33
872,STU0878,EE201,60,47,78.33
873,STU0582,EE201,60,47,78.33
874,STU0046,EE201,60,47,78.33
875,STU0750,EE201,60,47,78.33
876,STU0767,DS301,60,47,78.33
877,STU0767,DS302,60,47,78.33
878,STU0495,DS301,60,47,78.33
879,STU0495,DS302,60,47,78.33
880,STU0063,DS301,60,47,78.33
881,STU0063,DS302,60,47,78.33
882,STU0631,DS301,60,47,78.33
883,STU0631,DS302,60,47,78.33
884,STU0487,DS301,60,47,78.33
885,STU0487,DS302,60,47,78.33
886,STU0639,DS301,60,47,78.33
887,STU0639,DS302,60,47,78.33
888,STU0479,DS301,60,47,78.33
889,STU0479,DS302,60,47,78.33
890,STU0647,DS301,60,47,78.33
891,STU0647,DS302,60,47,78.33
892,STU0471,DS301,60,47,78.33
893,STU0471,DS302,60,47,78.33
894,STU0463,DS301,60,47,78.33
895,STU0463,DS302,60,47,78.33
896,STU0007,DS301,60,47,78.33
897,STU0007,DS302,60,47,78.33
898,STU0655,DS301,60,47,78.33
899,STU0655,DS302,60,47,78.33
900,STU0455,DS301,60,47,78.33
901,STU0455,DS302,60,47,78.33
902,STU0663,DS301,60,47,78.33
903,STU0663,DS302,60,47,78.33
904,STU0447,DS301,60,47,78.33
905,STU0447,DS302,60,47,78.33
906,STU0959,DS301,60,47,78.33
907,STU0959,DS302,60,47,78.33
908,STU0671,DS301,60,47,78.33
909,STU0671,DS302,60,47,78.33
910,STU0439,DS301,60,47,78.33
911,STU0439,DS302,60,47,78.33
912,STU0431,DS301,60,47,78.33
913,STU0431,DS302,60,47,78.33
914,STU0679,DS301,60,47,78.33
915,STU0679,DS302,60,47,78.33
916,STU0423,DS301,60,47,78.33
917,STU0423,DS302,60,47,78.33
918,STU0055,DS301,60,47,78.33
919,STU0055,DS302,60,47,78.33
920,STU0687,DS301,60,47,78.33
921,STU0687,DS302,60,47,78.33
922,STU0415,DS301,60,47,78.33
923,STU0415,DS302,60,47,78.33
924,STU0695,DS301,60,47,78.33
925,STU0695,DS302,60,47,78.33
926,STU0407,DS301,60,47,78.33
927,STU0407,DS302,60,47,78.33
928,STU0399,DS301,60,47,78.33
929,STU0399,DS302,60,47,78.33
930,STU0703,DS301,60,47,78.33
931,STU0703,DS302,60,47,78.33
932,STU0391,DS301,60,47,78.33
933,STU0391,DS302,60,47,78.33
934,STU0047,DS301,60,47,78.33
935,STU0047,DS302,60,47,78.33
936,STU0711,DS301,60,47,78.33
937,STU0711,DS302,60,47,78.33
938,STU0383,DS301,60,47,78.33
939,STU0383,DS302,60,47,78.33
940,STU0719,DS301,60,47,78.33
941,STU0719,DS302,60,47,78.33
942,STU0375,DS301,60,47,78.33
943,STU0375,DS302,60,47,78.33
944,STU0367,DS301,60,47,78.33
945,STU0367,DS302,60,47,78.33
946,STU0727,DS301,60,47,78.33
947,STU0727,DS302,60,47,78.33
948,STU0359,DS301,60,47,78.33
949,STU0359,DS302,60,47,78.33
950,STU0967,DS301,60,47,78.33
951,STU0967,DS302,60,47,78.33
952,STU0735,DS301,60,47,78.33
953,STU0735,DS302,60,47,78.33
954,STU0351,DS301,60,47,78.33
955,STU0351,DS302,60,47,78.33
956,STU0743,DS301,60,47,78.33
957,STU0743,DS302,60,47,78.33
958,STU0343,DS301,60,47,78.33
959,STU0343,DS302,60,47,78.33
960,STU0335,DS301,60,47,78.33
961,STU0335,DS302,60,47,78.33
962,STU0751,DS301,60,47,78.33
963,STU0751,DS302,60,47,78.33
964,STU0327,DS301,60,47,78.33
965,STU0327,DS302,60,47,78.33
966,STU0759,DS301,60,47,78.33
967,STU0759,DS302,60,47,78.33
968,STU0319,DS301,60,47,78.33
969,STU0319,DS302,60,47,78.33
970,STU0039,DS301,60,47,78.33
971,STU0039,DS302,60,47,78.33
972,STU0311,DS301,60,47,78.33
973,STU0311,DS302,60,47,78.33
974,STU0303,DS301,60,47,78.33
975,STU0303,DS302,60,47,78.33
976,STU0775,DS301,60,47,78.33
977,STU0775,DS302,60,47,78.33
978,STU0295,DS301,60,47,78.33
979,STU0295,DS302,60,47,78.33
980,STU0783,DS301,60,47,78.33
981,STU0783,DS302,60,47,78.33
982,STU0287,DS301,60,47,78.33
983,STU0287,DS302,60,47,78.33
984,STU0791,DS301,60,47,78.33
985,STU0791,DS302,60,47,78.33
986,STU0279,DS301,60,47,78.33
987,STU0279,DS302,60,47,78.33
988,STU0271,DS301,60,47,78.33
989,STU0271,DS302,60,47,78.33
990,STU0975,DS301,60,47,78.33
991,STU0975,DS302,60,47,78.33
992,STU0799,DS301,60,47,78.33
993,STU0799,DS302,60,47,78.33
994,STU0263,DS301,60,47,78.33
995,STU0263,DS302,60,47,78.33
996,STU0807,DS301,60,47,78.33
997,STU0807,DS302,60,47,78.33
998,STU0255,DS301,60,47,78.33
999,STU0255,DS302,60,47,78.33
1000,STU0815,DS301,60,47,78.33
1001,STU0815,DS302,60,47,78.33
1002,STU0247,DS301,60,47,78.33
1003,STU0247,DS302,60,47,78.33
1004,STU0239,DS301,60,47,78.33
1005,STU0239,DS302,60,47,78.33
1006,STU0031,DS301,60,47,78.33
1007,STU0031,DS302,60,47,78.33
1008,STU0823,DS301,60,47,78.33
1009,STU0823,DS302,60,47,78.33
1010,STU0231,DS301,60,47,78.33
1011,STU0231,DS302,60,47,78.33
1012,STU0831,DS301,60,47,78.33
1013,STU0831,DS302,60,47,78.33
1014,STU0223,DS301,60,47,78.33
1015,STU0223,DS302,60,47,78.33
1016,STU0839,DS301,60,47,78.33
1017,STU0839,DS302,60,47,78.33
1018,STU0215,DS301,60,47,78.33
1019,STU0215,DS302,60,47,78.33
1020,STU0207,DS301,60,47,78.33
1021,STU0207,DS302,60,47,78.33
1022,STU0847,DS301,60,47,78.33
1023,STU0847,DS302,60,47,78.33
1024,STU0199,DS301,60,47,78.33
1025,STU0199,DS302,60,47,78.33
1026,STU0855,DS301,60,47,78.33
1027,STU0855,DS302,60,47,78.33
1028,STU0191,DS301,60,47,78.33
1029,STU0191,DS302,60,47,78.33
1030,STU0983,DS301,60,47,78.33
1031,STU0983,DS302,60,47,78.33
1032,STU0863,DS301,60,47,78.33
1033,STU0863,DS302,60,47,78.33
1034,STU0183,DS301,60,47,78.33
1035,STU0183,DS302,60,47,78.33
1036,STU0175,DS301,60,47,78.33
1037,STU0175,DS302,60,47,78.33
1038,STU0871,DS301,60,47,78.33
1039,STU0871,DS302,60,47,78.33
1040,STU0167,DS301,60,47,78.33
1041,STU0167,DS302,60,47,78.33
1042,STU0023,DS301,60,47,78.33
1043,STU0023,DS302,60,47,78.33
1044,STU0879,DS301,60,47,78.33
1045,STU0879,DS302,60,47,78.33
1046,STU0159,DS301,60,47,78.33
1047,STU0159,DS302,60,47,78.33
1048,STU0887,DS301,60,47,78.33
1049,STU0887,DS302,60,47,78.33
1050,STU0151,DS301,60,47,78.33
1051,STU0151,DS302,60,47,78.33
1052,STU0143,DS301,60,47,78.33
1053,STU0143,DS302,60,47,78.33
1054,STU0895,DS301,60,47,78.33
1055,STU0895,DS302,60,47,78.33
1056,STU0135,DS301,60,47,78.33
1057,STU0135,DS302,60,47,78.33
1058,STU0015,DS301,60,47,78.33
1059,STU0015,DS302,60,47,78.33
1060,STU0903,DS301,60,47,78.33
1061,STU0903,DS302,60,47,78.33
1062,STU0127,DS301,60,47,78.33
1063,STU0127,DS302,60,47,78.33
1064,STU0999,DS301,60,47,78.33
1065,STU0999,DS302,60,47,78.33
1066,STU0911,DS301,60,47,78.33
1067,STU0911,DS302,60,47,78.33
1068,STU0119,DS301,60,47,78.33
1069,STU0119,DS302,60,47,78.33
1070,STU0111,DS301,60,47,78.33
1071,STU0111,DS302,60,47,78.33
1072,STU0919,DS301,60,47,78.33
1073,STU0919,DS302,60,47,78.33
1074,STU0103,DS301,60,47,78.33
1075,STU0103,DS302,60,47,78.33
1076,STU0991,DS301,60,47,78.33
1077,STU0991,DS302,60,47,78.33
1078,STU0927,DS301,60,47,78.33
1079,STU0927,DS302,60,47,78.33
1080,STU0095,DS301,60,47,78.33
1081,STU0095,DS302,60,47,78.33
1082,STU0935,DS301,60,47,78.33
1083,STU0935,DS302,60,47,78.33
1084,STU0087,DS301,60,47,78.33
1085,STU0087,DS302,60,47,78.33
1086,STU0079,DS301,60,47,78.33
1087,STU0079,DS302,60,47,78.33
1088,STU0943,DS301,60,47,78.33
1089,STU0943,DS302,60,47,78.33
1090,STU0071,DS301,60,47,78.33
1091,STU0071,DS302,60,47,78.33
1092,STU0575,DS301,60,47,78.33
1093,STU0575,DS302,60,47,78.33
1094,STU0567,DS301,60,47,78.33
1095,STU0567,DS302,60,47,78.33
1096,STU0559,DS301,60,47,78.33
1097,STU0559,DS302,60,47,78.33
1098,STU0583,DS301,60,47,78.33
1099,STU0583,DS302,60,47,78.33
1100,STU0551,DS301,60,47,78.33
1101,STU0551,DS302,60,47,78.33
1102,STU0591,DS301,60,47,78.33
1103,STU0591,DS302,60,47,78.33
1104,STU0543,DS301,60,47,78.33
1105,STU0543,DS302,60,47,78.33
1106,STU0599,DS301,60,47,78.33
1107,STU0599,DS302,60,47,78.33
1108,STU0535,DS301,60,47,78.33
1109,STU0535,DS302,60,47,78.33
1110,STU0527,DS301,60,47,78.33
1111,STU0527,DS302,60,47,78.33
1112,STU0951,DS301,60,47,78.33
1113,STU0951,DS302,60,47,78.33
1114,STU0607,DS301,60,47,78.33
1115,STU0607,DS302,60,47,78.33
1116,STU0519,DS301,60,47,78.33
1117,STU0519,DS302,60,47,78.33
1118,STU0615,DS301,60,47,78.33
1119,STU0615,DS302,60,47,78.33
1120,STU0511,DS301,60,47,78.33
1121,STU0511,DS302,60,47,78.33
1122,STU0623,DS301,60,47,78.33
1123,STU0623,DS302,60,47,78.33
1124,STU0503,DS301,60,47,78.33
1125,STU0503,DS302,60,47,78.33
1126,STU0752,AI401,60,47,78.33
1127,STU0584,AI401,60,47,78.33
1128,STU0336,AI401,60,47,78.33
1129,STU0448,AI401,60,47,78.33
1130,STU0880,AI401,60,47,78.33
1131,STU0160,AI401,60,47,78.33
1132,STU0552,AI401,60,47,78.33
1133,STU0744,AI401,60,47,78.33
1134,STU0152,AI401,60,47,78.33
1135,STU0968,AI401,60,47,78.33
1136,STU0344,AI401,60,47,78.33
1137,STU0952,AI401,60,47,78.33
1138,STU0888,AI401,60,47,78.33
1139,STU0664,AI401,60,47,78.33
1140,STU0352,AI401,60,47,78.33
1141,STU0144,AI401,60,47,78.33
1142,STU0008,AI401,60,47,78.33
1143,STU0016,AI401,60,47,78.33
1144,STU0736,AI401,60,47,78.33
1145,STU0456,AI401,60,47,78.33
1146,STU0896,AI401,60,47,78.33
1147,STU0360,AI401,60,47,78.33
1148,STU0136,AI401,60,47,78.33
1149,STU0488,AI401,60,47,78.33
1150,STU0728,AI401,60,47,78.33
1151,STU0592,AI401,60,47,78.33
1152,STU0368,AI401,60,47,78.33
1153,STU0544,AI401,60,47,78.33
1154,STU0904,AI401,60,47,78.33
1155,STU0128,AI401,60,47,78.33
1156,STU0496,AI401,60,47,78.33
1157,STU0720,AI401,60,47,78.33
1158,STU0120,AI401,60,47,78.33
1159,STU0656,AI401,60,47,78.33
1160,STU0376,AI401,60,47,78.33
1161,STU0536,AI401,60,47,78.33
1162,STU0912,AI401,60,47,78.33
1163,STU0464,AI401,60,47,78.33
1164,STU0384,AI401,60,47,78.33
1165,STU0112,AI401,60,47,78.33
1166,STU0648,AI401,60,47,78.33
1167,STU0712,AI401,60,47,78.33
1168,STU0392,AI401,60,47,78.33
1169,STU0616,AI401,60,47,78.33
1170,STU0920,AI401,60,47,78.33
1171,STU0704,AI401,60,47,78.33
1172,STU0104,AI401,60,47,78.33
1173,STU0600,AI401,60,47,78.33
1174,STU0048,AI401,60,47,78.33
1175,STU0512,AI401,60,47,78.33
1176,STU0400,AI401,60,47,78.33
1177,STU0056,AI401,60,47,78.33
1178,STU0928,AI401,60,47,78.33
1179,STU0096,AI401,60,47,78.33
1180,STU0528,AI401,60,47,78.33
1181,STU0696,AI401,60,47,78.33
1182,STU0088,AI401,60,47,78.33
1183,STU0992,AI401,60,47,78.33
1184,STU0408,AI401,60,47,78.33
1185,STU0624,AI401,60,47,78.33
1186,STU0936,AI401,60,47,78.33
1187,STU0632,AI401,60,47,78.33
1188,STU0032,AI401,60,47,78.33
1189,STU0248,AI401,60,47,78.33
1190,STU0416,AI401,60,47,78.33
1191,STU0816,AI401,60,47,78.33
1192,STU0080,AI401,60,47,78.33
1193,STU0256,AI401,60,47,78.33
1194,STU0240,AI401,60,47,78.33
1195,STU0472,AI401,60,47,78.33
1196,STU0688,AI401,60,47,78.33
1197,STU0808,AI401,60,47,78.33
1198,STU0424,AI401,60,47,78.33
1199,STU0824,AI401,60,47,78.33
1200,STU0976,AI401,60,47,78.33
1201,STU0232,AI401,60,47,78.33
1202,STU0504,AI401,60,47,78.33
1203,STU0264,AI401,60,47,78.33
1204,STU0800,AI401,60,47,78.33
1205,STU0272,AI401,60,47,78.33
1206,STU0944,AI401,60,47,78.33
1207,STU0832,AI401,60,47,78.33
1208,STU0224,AI401,60,47,78.33
1209,STU0680,AI401,60,47,78.33
1210,STU0792,AI401,60,47,78.33
1211,STU0216,AI401,60,47,78.33
1212,STU0024,AI401,60,47,78.33
1213,STU0280,AI401,60,47,78.33
1214,STU0072,AI401,60,47,78.33
1215,STU0840,AI401,60,47,78.33
1216,STU0568,AI401,60,47,78.33
1217,STU0288,AI401,60,47,78.33
1218,STU0208,AI401,60,47,78.33
1219,STU0608,AI401,60,47,78.33
1220,STU0784,AI401,60,47,78.33
1221,STU1000,AI401,60,47,78.33
1222,STU0960,AI401,60,47,78.33
1223,STU0848,AI401,60,47,78.33
1224,STU0296,AI401,60,47,78.33
1225,STU0200,AI401,60,47,78.33
1226,STU0480,AI401,60,47,78.33
1227,STU0776,AI401,60,47,78.33
1228,STU0304,AI401,60,47,78.33
1229,STU0768,AI401,60,47,78.33
1230,STU0576,AI401,60,47,78.33
1231,STU0856,AI401,60,47,78.33
1232,STU0192,AI401,60,47,78.33
1233,STU0520,AI401,60,47,78.33
1234,STU0312,AI401,60,47,78.33
1235,STU0184,AI401,60,47,78.33
1236,STU0432,AI401,60,47,78.33
1237,STU0320,AI401,60,47,78.33
1238,STU0560,AI401,60,47,78.33
1239,STU0864,AI401,60,47,78.33
1240,STU0064,AI401,60,47,78.33
1241,STU0760,AI401,60,47,78.33
1242,STU0176,AI401,60,47,78.33
1243,STU0672,AI401,60,47,78.33
1244,STU0984,AI401,60,47,78.33
1245,STU0040,AI401,60,47,78.33
1246,STU0440,AI401,60,47,78.33
1247,STU0872,AI401,60,47,78.33
1248,STU0328,AI401,60,47,78.33
1249,STU0168,AI401,60,47,78.33
1250,STU0640,AI401,60,47,78.33
