mark_id,student_id,subject_id,internal_marks,midterm_marks,final_marks,total_marks,grade
1,STU0001,CS101,14.00,25.00,40.00,79.00,B+
2,STU0625,CS101,17.00,23.00,39.00,79.00,B+
3,STU0505,CS101,15.00,24.00,38.00,77.00,B+
4,STU0953,CS101,16.00,21.00,37.00,74.00,B+
5,STU0617,CS101,14.00,25.00,39.00,78.00,B+
6,STU0513,CS101,12.00,23.00,38.00,73.00,B+
7,STU0065,CS101,17.00,21.00,37.00,75.00,B+
8,STU0521,CS101,15.00,26.00,37.00,78.00,B+
9,STU0609,CS101,15.00,26.00,35.00,76.00,B+
10,STU0529,CS101,13.00,26.00,43.00,82.00,A
11,STU0601,CS101,15.00,24.00,38.00,77.00,B+
12,STU0537,CS101,17.00,26.00,39.00,82.00,A
13,STU0593,CS101,12.00,22.00,37.00,71.00,B+
14,STU0545,CS101,12.00,25.00,40.00,77.00,B+
15,STU0553,CS101,14.00,24.00,39.00,77.00,B+
16,STU0585,CS101,13.00,22.00,34.00,69.00,B
17,STU0561,CS101,16.00,26.00,43.00,85.00,A
18,STU0577,CS101,13.00,23.00,39.00,75.00,B+
19,STU0569,CS101,17.00,23.00,44.00,84.00,A
20,STU0073,CS101,13.00,26.00,34.00,73.00,B+
21,STU0945,CS101,16.00,25.00,34.00,75.00,B+
22,STU0081,CS101,13.00,25.00,36.00,74.00,B+
23,STU0937,CS101,13.00,25.00,40.00,78.00,B+
24,STU0089,CS101,16.00,22.00,34.00,72.00,B+
25,STU0929,CS101,13.00,25.00,36.00,74.00,B+
26,STU0097,CS101,14.00,22.00,42.00,78.00,B+
27,STU0993,CS101,15.00,26.00,44.00,85.00,A
28,STU0105,CS101,12.00,22.00,35.00,69.00,B
29,STU0921,CS101,14.00,21.00,44.00,79.00,B+
30,STU0113,CS101,13.00,25.00,37.00,75.00,B+
31,STU0913,CS101,16.00,22.00,34.00,72.00,B+
32,STU0121,CS101,13.00,21.00,34.00,68.00,B
33,STU0017,CS101,16.00,21.00,38.00,75.00,B+
34,STU0905,CS101,12.00,26.00,42.00,80.00,A
35,STU0129,CS101,13.00,23.00,44.00,80.00,A
36,STU0137,CS101,15.00,22.00,41.00,78.00,B+
37,STU0897,CS101,12.00,25.00,42.00,79.00,B+
38,STU0145,CS101,15.00,23.00,34.00,72.00,B+
39,STU0889,CS101,17.00,23.00,39.00,79.00,B+
40,STU0153,CS101,14.00,25.00,35.00,74.00,B+
41,STU0881,CS101,15.00,23.00,34.00,72.00,B+
42,STU0161,CS101,16.00,24.00,39.00,79.00,B+
43,STU0169,CS101,13.00,23.00,36.00,72.00,B+
44,STU0985,CS101,17.00,26.00,39.00,82.00,A
45,STU0873,CS101,17.00,23.00,41.00,81.00,A
46,STU0177,CS101,14.00,25.00,39.00,78.00,B+
47,STU0865,CS101,15.00,22.00,41.00,78.00,B+
48,STU0185,CS101,17.00,24.00,34.00,75.00,B+
49,STU0025,CS101,14.00,25.00,40.00,79.00,B+
50,STU0857,CS101,15.00,26.00,43.00,84.00,A
51,STU0193,CS101,14.00,25.00,43.00,82.00,A
52,STU0201,CS101,15.00,22.00,38.00,75.00,B+
53,STU0849,CS101,14.00,21.00,40.00,75.00,B+
54,STU0209,CS101,12.00,21.00,42.00,75.00,B+
55,STU0841,CS101,13.00,23.00,34.00,70.00,B+
56,STU0217,CS101,14.00,25.00,41.00,80.00,A
57,STU0833,CS101,13.00,24.00,34.00,71.00,B+
58,STU0225,CS101,16.00,26.00,44.00,86.00,A
59,STU0233,CS101,17.00,22.00,36.00,75.00,B+
60,STU0825,CS101,12.00,22.00,37.00,71.00,B+
61,STU0241,CS101,15.00,25.00,39.00,79.00,B+
62,STU0977,CS101,16.00,23.00,37.00,76.00,B+
63,STU0817,CS101,16.00,26.00,41.00,83.00,A
64,STU0249,CS101,13.00,26.00,40.00,79.00,B+
65,STU0033,CS101,16.00,22.00,43.00,81.00,A
66,STU0809,CS101,12.00,22.00,41.00,75.00,B+
67,STU0257,CS101,17.00,21.00,38.00,76.00,B+
68,STU0265,CS101,17.00,25.00,43.00,85.00,A
69,STU0801,CS101,12.00,23.00,39.00,74.00,B+
70,STU0273,CS101,15.00,25.00,42.00,82.00,A
71,STU0793,CS101,14.00,25.00,39.00,78.00,B+
72,STU0281,CS101,16.00,24.00,34.00,74.00,B+
73,STU0785,CS101,14.00,25.00,41.00,80.00,A
74,STU0289,CS101,12.00,26.00,36.00,74.00,B+
75,STU0297,CS101,16.00,25.00,35.00,76.00,B+
76,STU0777,CS101,12.00,22.00,40.00,74.00,B+
77,STU0305,CS101,12.00,26.00,37.00,75.00,B+
78,STU0769,CS101,13.00,24.00,37.00,74.00,B+
79,STU0313,CS101,17.00,25.00,43.00,85.00,A
80,STU0041,CS101,14.00,21.00,42.00,77.00,B+
81,STU0761,CS101,13.00,22.00,41.00,76.00,B+
82,STU0321,CS101,17.00,22.00,36.00,75.00,B+
83,STU0329,CS101,13.00,24.00,38.00,75.00,B+
84,STU0753,CS101,17.00,26.00,38.00,81.00,A
85,STU0337,CS101,13.00,25.00,36.00,74.00,B+
86,STU0745,CS101,12.00,26.00,41.00,79.00,B+
87,STU0345,CS101,15.00,24.00,36.00,75.00,B+
88,STU0737,CS101,15.00,21.00,36.00,72.00,B+
89,STU0353,CS101,13.00,22.00,38.00,73.00,B+
90,STU0969,CS101,17.00,26.00,41.00,84.00,A
91,STU0361,CS101,16.00,24.00,34.00,74.00,B+
92,STU0729,CS101,15.00,21.00,40.00,76.00,B+
93,STU0369,CS101,17.00,23.00,40.00,80.00,A
94,STU0721,CS101,13.00,26.00,34.00,73.00,B+
95,STU0377,CS101,14.00,24.00,40.00,78.00,B+
96,STU0049,CS101,12.00,21.00,38.00,71.00,B+
97,STU0713,CS101,17.00,26.00,40.00,83.00,A
98,STU0385,CS101,16.00,23.00,39.00,78.00,B+
99,STU0393,CS101,17.00,26.00,36.00,79.00,B+
100,STU0705,CS101,16.00,24.00,44.00,84.00,A
101,STU0401,CS101,12.00,25.00,38.00,75.00,B+
102,STU0697,CS101,16.00,26.00,37.00,79.00,B+
103,STU0409,CS101,17.00,23.00,39.00,79.00,B+
104,STU0689,CS101,17.00,25.00,42.00,84.00,A
105,STU0417,CS101,12.00,26.00,39.00,77.00,B+
106,STU0425,CS101,13.00,22.00,38.00,73.00,B+
107,STU0961,CS101,15.00,21.00,42.00,78.00,B+
108,STU0681,CS101,12.00,21.00,39.00,72.00,B+
109,STU0433,CS101,15.00,24.00,41.00,80.00,A
110,STU0673,CS101,17.00,21.00,43.00,81.00,A
111,STU0441,CS101,14.00,23.00,35.00,72.00,B+
112,STU0057,CS101,16.00,22.00,41.00,79.00,B+
113,STU0665,CS101,13.00,25.00,41.00,79.00,B+
114,STU0449,CS101,12.00,25.00,37.00,74.00,B+
115,STU0457,CS101,15.00,25.00,37.00,77.00,B+
116,STU0657,CS101,17.00,24.00,37.00,78.00,B+
117,STU0465,CS101,14.00,25.00,39.00,78.00,B+
118,STU0649,CS101,16.00,24.00,36.00,76.00,B+
119,STU0473,CS101,13.00,21.00,42.00,76.00,B+
120,STU0009,CS101,16.00,26.00,37.00,79.00,B+
121,STU0641,CS101,17.00,26.00,40.00,83.00,A
122,STU0481,CS101,17.00,22.00,44.00,83.00,A
123,STU0489,CS101,17.00,21.00,39.00,77.00,B+
124,STU0633,CS101,12.00,23.00,38.00,73.00,B+
125,STU0497,CS101,16.00,24.00,43.00,83.00,A
126,STU0914,IT201,16.00,25.00,41.00,82.00,A
127,STU0626,IT201,15.00,25.00,40.00,80.00,A
128,STU0722,IT201,17.00,22.00,37.00,76.00,B+
129,STU0874,IT201,14.00,24.00,43.00,81.00,A
130,STU0810,IT201,17.00,21.00,35.00,73.00,B+
131,STU0370,IT201,15.00,21.00,34.00,70.00,B+
132,STU0442,IT201,16.00,21.00,34.00,71.00,B+
133,STU0258,IT201,14.00,22.00,37.00,73.00,B+
134,STU0418,IT201,15.00,26.00,37.00,78.00,B+
135,STU0362,IT201,12.00,23.00,37.00,72.00,B+
136,STU0034,IT201,14.00,24.00,44.00,82.00,A
137,STU0466,IT201,15.00,26.00,44.00,85.00,A
138,STU0170,IT201,17.00,24.00,37.00,78.00,B+
139,STU0802,IT201,17.00,23.00,37.00,77.00,B+
140,STU0122,IT201,14.00,24.00,43.00,81.00,A
141,STU0266,IT201,12.00,24.00,38.00,74.00,B+
142,STU0074,IT201,12.00,22.00,36.00,70.00,B+
143,STU0730,IT201,13.00,25.00,40.00,78.00,B+
144,STU0114,IT201,15.00,21.00,44.00,80.00,A
145,STU0354,IT201,12.00,21.00,34.00,67.00,B
146,STU0738,IT201,14.00,23.00,40.00,77.00,B+
147,STU0946,IT201,15.00,21.00,44.00,80.00,A
148,STU0570,IT201,14.00,23.00,35.00,72.00,B+
149,STU0274,IT201,15.00,24.00,39.00,78.00,B+
150,STU0106,IT201,14.00,24.00,39.00,77.00,B+
151,STU0346,IT201,14.00,26.00,34.00,74.00,B+
152,STU0746,IT201,16.00,22.00,36.00,74.00,B+
153,STU0794,IT201,13.00,24.00,42.00,79.00,B+
154,STU0962,IT201,12.00,21.00,35.00,68.00,B
155,STU0338,IT201,16.00,23.00,43.00,82.00,A
156,STU0666,IT201,14.00,25.00,37.00,76.00,B+
157,STU0282,IT201,15.00,24.00,35.00,74.00,B+
158,STU0178,IT201,14.00,25.00,35.00,74.00,B+
159,STU0330,IT201,15.00,22.00,41.00,78.00,B+
160,STU0458,IT201,12.00,25.00,35.00,72.00,B+
161,STU0018,IT201,14.00,25.00,39.00,78.00,B+
162,STU0786,IT201,12.00,22.00,43.00,77.00,B+
163,STU0634,IT201,12.00,21.00,39.00,72.00,B+
164,STU0498,IT201,15.00,24.00,35.00,74.00,B+
165,STU0290,IT201,12.00,22.00,40.00,74.00,B+
166,STU0394,IT201,16.00,21.00,40.00,77.00,B+
167,STU0754,IT201,12.00,22.00,42.00,76.00,B+
168,STU0042,IT201,12.00,24.00,36.00,72.00,B+
169,STU0322,IT201,12.00,21.00,41.00,74.00,B+
170,STU0474,IT201,14.00,26.00,44.00,84.00,A
171,STU0778,IT201,12.00,22.00,42.00,76.00,B+
172,STU0450,IT201,15.00,23.00,44.00,82.00,A
173,STU0298,IT201,16.00,22.00,34.00,72.00,B+
174,STU0866,IT201,15.00,23.00,35.00,73.00,B+
175,STU0490,IT201,14.00,23.00,40.00,77.00,B+
176,STU0578,IT201,17.00,22.00,43.00,82.00,A
177,STU0562,IT201,16.00,23.00,41.00,80.00,A
178,STU0658,IT201,12.00,22.00,37.00,71.00,B+
179,STU0994,IT201,16.00,21.00,44.00,81.00,A
180,STU0762,IT201,14.00,24.00,34.00,72.00,B+
181,STU0306,IT201,14.00,22.00,41.00,77.00,B+
182,STU0186,IT201,13.00,23.00,39.00,75.00,B+
183,STU0314,IT201,14.00,26.00,39.00,79.00,B+
184,STU0970,IT201,12.00,26.00,34.00,72.00,B+
185,STU0770,IT201,17.00,24.00,42.00,83.00,A
186,STU0058,IT201,14.00,23.00,38.00,75.00,B+
187,STU0146,IT201,14.00,22.00,44.00,80.00,A
188,STU0706,IT201,14.00,21.00,44.00,79.00,B+
189,STU0682,IT201,16.00,25.00,41.00,82.00,A
190,STU0698,IT201,12.00,25.00,36.00,73.00,B+
191,STU0858,IT201,15.00,24.00,43.00,82.00,A
192,STU0554,IT201,15.00,21.00,39.00,75.00,B+
193,STU0426,IT201,16.00,24.00,37.00,77.00,B+
194,STU0194,IT201,16.00,23.00,44.00,83.00,A
195,STU0922,IT201,16.00,23.00,42.00,81.00,A
196,STU0586,IT201,12.00,23.00,44.00,79.00,B+
197,STU0026,IT201,15.00,23.00,39.00,77.00,B+
198,STU0010,IT201,14.00,26.00,37.00,77.00,B+
199,STU0402,IT201,12.00,25.00,41.00,78.00,B+
200,STU0850,IT201,13.00,23.00,37.00,73.00,B+
201,STU0890,IT201,13.00,22.00,38.00,73.00,B+
202,STU0202,IT201,12.00,26.00,39.00,77.00,B+
203,STU0410,IT201,15.00,24.00,37.00,76.00,B+
204,STU0546,IT201,14.00,23.00,40.00,77.00,B+
205,STU0098,IT201,17.00,26.00,43.00,86.00,A
206,STU0050,IT201,15.00,25.00,39.00,79.00,B+
207,STU0594,IT201,17.00,24.00,40.00,81.00,A
208,STU0690,IT201,17.00,26.00,35.00,78.00,B+
209,STU0482,IT201,15.00,24.00,39.00,78.00,B+
210,STU0210,IT201,14.00,24.00,44.00,82.00,A
211,STU0154,IT201,13.00,22.00,36.00,71.00,B+
212,STU0538,IT201,13.00,26.00,43.00,82.00,A
213,STU0386,IT201,13.00,23.00,39.00,75.00,B+
214,STU0842,IT201,12.00,24.00,37.00,73.00,B+
215,STU0898,IT201,16.00,22.00,42.00,80.00,A
216,STU0602,IT201,12.00,21.00,36.00,69.00,B
217,STU0530,IT201,12.00,22.00,42.00,76.00,B+
218,STU0218,IT201,15.00,23.00,40.00,78.00,B+
219,STU0930,IT201,13.00,23.00,38.00,74.00,B+
220,STU0066,IT201,14.00,22.00,40.00,76.00,B+
221,STU0002,IT201,15.00,24.00,39.00,78.00,B+
222,STU0090,IT201,15.00,26.00,35.00,76.00,B+
223,STU0834,IT201,16.00,22.00,40.00,78.00,B+
224,STU0130,IT201,17.00,21.00,35.00,73.00,B+
225,STU0522,IT201,12.00,22.00,38.00,72.00,B+
226,STU0226,IT201,12.00,23.00,37.00,72.00,B+
227,STU0882,IT201,16.00,23.00,34.00,73.00,B+
228,STU0714,IT201,12.00,21.00,44.00,77.00,B+
229,STU0642,IT201,16.00,26.00,43.00,85.00,A
230,STU0610,IT201,17.00,22.00,40.00,79.00,B+
231,STU0138,IT201,13.00,22.00,35.00,70.00,B+
232,STU0826,IT201,15.00,25.00,35.00,75.00,B+
233,STU0434,IT201,12.00,24.00,35.00,71.00,B+
234,STU0234,IT201,12.00,22.00,38.00,72.00,B+
235,STU0162,IT201,15.00,23.00,40.00,78.00,B+
236,STU0514,IT201,16.00,21.00,36.00,73.00,B+
237,STU0978,IT201,12.00,21.00,40.00,73.00,B+
238,STU0906,IT201,17.00,26.00,41.00,84.00,A
239,STU0954,IT201,15.00,23.00,40.00,78.00,B+
240,STU0938,IT201,13.00,21.00,43.00,77.00,B+
241,STU0618,IT201,16.00,26.00,36.00,78.00,B+
242,STU0242,IT201,16.00,21.00,40.00,77.00,B+
243,STU0986,IT201,15.00,24.00,44.00,83.00,A
244,STU0506,IT201,13.00,26.00,38.00,77.00,B+
245,STU0378,IT201,14.00,21.00,42.00,77.00,B+
246,STU0818,IT201,15.00,25.00,35.00,75.00,B+
247,STU0674,IT201,13.00,23.00,40.00,76.00,B+
248,STU0650,IT201,17.00,25.00,41.00,83.00,A
249,STU0082,IT201,15.00,24.00,41.00,80.00,A
250,STU0250,IT201,16.00,25.00,34.00,75.00,B+
251,STU0907,EC301,13.00,25.00,43.00,81.00,A
252,STU0907,EC302,17.00,22.00,43.00,82.00,A
253,STU0643,EC301,13.00,21.00,43.00,77.00,B+
254,STU0643,EC302,15.00,24.00,42.00,81.00,A
255,STU0131,EC301,14.00,23.00,40.00,77.00,B+
256,STU0131,EC302,17.00,22.00,39.00,78.00,B+
257,STU0899,EC301,12.00,22.00,43.00,77.00,B+
258,STU0899,EC302,17.00,24.00,36.00,77.00,B+
259,STU0411,EC301,15.00,25.00,36.00,76.00,B+
260,STU0411,EC302,14.00,26.00,44.00,84.00,A
261,STU0139,EC301,12.00,24.00,35.00,71.00,B+
262,STU0139,EC302,13.00,26.00,41.00,80.00,A
263,STU0019,EC301,16.00,25.00,42.00,83.00,A
264,STU0019,EC302,14.00,21.00,40.00,75.00,B+
265,STU0891,EC301,14.00,21.00,41.00,76.00,B+
266,STU0891,EC302,14.00,26.00,44.00,84.00,A
267,STU0147,EC301,15.00,26.00,42.00,83.00,A
268,STU0147,EC302,17.00,26.00,40.00,83.00,A
269,STU0691,EC301,15.00,25.00,43.00,83.00,A
270,STU0691,EC302,14.00,25.00,34.00,73.00,B+
271,STU0155,EC301,14.00,21.00,44.00,79.00,B+
272,STU0155,EC302,16.00,26.00,38.00,80.00,A
273,STU0883,EC301,14.00,21.00,35.00,70.00,B+
274,STU0883,EC302,17.00,23.00,42.00,82.00,A
275,STU0627,EC301,14.00,23.00,35.00,72.00,B+
276,STU0627,EC302,13.00,23.00,40.00,76.00,B+
277,STU0163,EC301,16.00,23.00,34.00,73.00,B+
278,STU0163,EC302,17.00,26.00,39.00,82.00,A
279,STU0875,EC301,12.00,24.00,34.00,70.00,B+
280,STU0875,EC302,13.00,22.00,41.00,76.00,B+
281,STU0171,EC301,14.00,24.00,44.00,82.00,A
282,STU0171,EC302,15.00,24.00,39.00,78.00,B+
283,STU0419,EC301,13.00,25.00,41.00,79.00,B+
284,STU0419,EC302,14.00,23.00,41.00,78.00,B+
285,STU0867,EC301,16.00,26.00,34.00,76.00,B+
286,STU0867,EC302,15.00,23.00,36.00,74.00,B+
287,STU0179,EC301,14.00,22.00,40.00,76.00,B+
288,STU0179,EC302,17.00,23.00,35.00,75.00,B+
289,STU0683,EC301,17.00,22.00,37.00,76.00,B+
290,STU0683,EC302,12.00,23.00,34.00,69.00,B
291,STU0187,EC301,15.00,24.00,42.00,81.00,A
292,STU0187,EC302,12.00,26.00,39.00,77.00,B+
293,STU0859,EC301,12.00,24.00,40.00,76.00,B+
294,STU0859,EC302,12.00,24.00,38.00,74.00,B+
295,STU0195,EC301,16.00,22.00,37.00,75.00,B+
296,STU0195,EC302,16.00,23.00,44.00,83.00,A
297,STU0851,EC301,13.00,26.00,36.00,75.00,B+
298,STU0851,EC302,16.00,23.00,38.00,77.00,B+
299,STU0427,EC301,17.00,22.00,42.00,81.00,A
300,STU0427,EC302,14.00,21.00,42.00,77.00,B+
301,STU0203,EC301,12.00,26.00,39.00,77.00,B+
302,STU0203,EC302,15.00,25.00,36.00,76.00,B+
303,STU0027,EC301,16.00,22.00,39.00,77.00,B+
304,STU0027,EC302,14.00,22.00,40.00,76.00,B+
305,STU0843,EC301,17.00,21.00,37.00,75.00,B+
306,STU0843,EC302,14.00,23.00,39.00,76.00,B+
307,STU0211,EC301,13.00,22.00,44.00,79.00,B+
308,STU0211,EC302,16.00,26.00,36.00,78.00,B+
309,STU0483,EC301,14.00,24.00,34.00,72.00,B+
310,STU0483,EC302,17.00,26.00,35.00,78.00,B+
311,STU0219,EC301,16.00,23.00,37.00,76.00,B+
312,STU0219,EC302,15.00,24.00,40.00,79.00,B+
313,STU0835,EC301,12.00,22.00,39.00,73.00,B+
314,STU0835,EC302,13.00,25.00,38.00,76.00,B+
315,STU0675,EC301,13.00,21.00,34.00,68.00,B
316,STU0675,EC302,16.00,25.00,43.00,84.00,A
317,STU0227,EC301,15.00,24.00,39.00,78.00,B+
318,STU0227,EC302,13.00,25.00,39.00,77.00,B+
319,STU0979,EC301,13.00,26.00,44.00,83.00,A
320,STU0979,EC302,17.00,24.00,44.00,85.00,A
321,STU0827,EC301,12.00,23.00,35.00,70.00,B+
322,STU0827,EC302,13.00,24.00,35.00,72.00,B+
323,STU0235,EC301,13.00,24.00,41.00,78.00,B+
324,STU0235,EC302,13.00,26.00,35.00,74.00,B+
325,STU0435,EC301,12.00,21.00,41.00,74.00,B+
326,STU0435,EC302,16.00,21.00,40.00,77.00,B+
327,STU0819,EC301,15.00,24.00,42.00,81.00,A
328,STU0819,EC302,14.00,25.00,40.00,79.00,B+
329,STU0243,EC301,15.00,22.00,37.00,74.00,B+
330,STU0243,EC302,14.00,24.00,43.00,81.00,A
331,STU0955,EC301,17.00,26.00,41.00,84.00,A
332,STU0955,EC302,13.00,22.00,35.00,70.00,B+
333,STU0251,EC301,16.00,26.00,37.00,79.00,B+
334,STU0251,EC302,17.00,21.00,35.00,73.00,B+
335,STU0811,EC301,15.00,21.00,39.00,75.00,B+
336,STU0811,EC302,15.00,21.00,43.00,79.00,B+
337,STU0259,EC301,14.00,23.00,40.00,77.00,B+
338,STU0259,EC302,15.00,21.00,36.00,72.00,B+
339,STU0803,EC301,13.00,22.00,43.00,78.00,B+
340,STU0803,EC302,13.00,26.00,39.00,78.00,B+
341,STU0443,EC301,16.00,23.00,43.00,82.00,A
342,STU0443,EC302,13.00,25.00,34.00,72.00,B+
343,STU0267,EC301,15.00,23.00,43.00,81.00,A
344,STU0267,EC302,12.00,21.00,36.00,69.00,B
345,STU0035,EC301,12.00,24.00,44.00,80.00,A
346,STU0035,EC302,12.00,23.00,42.00,77.00,B+
347,STU0795,EC301,12.00,24.00,41.00,77.00,B+
348,STU0795,EC302,13.00,26.00,36.00,75.00,B+
349,STU0635,EC301,12.00,25.00,42.00,79.00,B+
350,STU0635,EC302,14.00,25.00,43.00,82.00,A
351,STU0275,EC301,17.00,26.00,42.00,85.00,A
352,STU0275,EC302,14.00,22.00,36.00,72.00,B+
353,STU0667,EC301,13.00,24.00,39.00,76.00,B+
354,STU0667,EC302,12.00,26.00,44.00,82.00,A
355,STU0283,EC301,17.00,24.00,41.00,82.00,A
356,STU0283,EC302,17.00,21.00,37.00,75.00,B+
357,STU0787,EC301,17.00,21.00,42.00,80.00,A
358,STU0787,EC302,12.00,24.00,43.00,79.00,B+
359,STU0291,EC301,12.00,22.00,38.00,72.00,B+
360,STU0291,EC302,13.00,25.00,37.00,75.00,B+
361,STU0779,EC301,15.00,25.00,36.00,76.00,B+
362,STU0779,EC302,14.00,24.00,34.00,72.00,B+
363,STU0299,EC301,13.00,23.00,41.00,77.00,B+
364,STU0299,EC302,14.00,26.00,35.00,75.00,B+
365,STU0971,EC301,17.00,22.00,39.00,78.00,B+
366,STU0971,EC302,12.00,23.00,43.00,78.00,B+
367,STU0451,EC301,17.00,24.00,43.00,84.00,A
368,STU0451,EC302,17.00,24.00,35.00,76.00,B+
369,STU0771,EC301,13.00,23.00,41.00,77.00,B+
370,STU0771,EC302,12.00,21.00,38.00,71.00,B+
371,STU0307,EC301,12.00,24.00,40.00,76.00,B+
372,STU0307,EC302,16.00,24.00,35.00,75.00,B+
373,STU0315,EC301,12.00,23.00,38.00,73.00,B+
374,STU0315,EC302,13.00,24.00,37.00,74.00,B+
375,STU0659,EC301,15.00,21.00,37.00,73.00,B+
376,STU0659,EC302,16.00,25.00,34.00,75.00,B+
377,STU0763,EC301,15.00,21.00,34.00,70.00,B+
378,STU0763,EC302,14.00,22.00,39.00,75.00,B+
379,STU0323,EC301,13.00,22.00,40.00,75.00,B+
380,STU0323,EC302,15.00,22.00,38.00,75.00,B+
381,STU0755,EC301,14.00,21.00,35.00,70.00,B+
382,STU0755,EC302,15.00,25.00,37.00,77.00,B+
383,STU0331,EC301,16.00,26.00,42.00,84.00,A
384,STU0331,EC302,17.00,23.00,39.00,79.00,B+
385,STU0043,EC301,12.00,26.00,43.00,81.00,A
386,STU0043,EC302,13.00,22.00,41.00,76.00,B+
387,STU0459,EC301,12.00,21.00,37.00,70.00,B+
388,STU0459,EC302,17.00,22.00,36.00,75.00,B+
389,STU0747,EC301,16.00,22.00,39.00,77.00,B+
390,STU0747,EC302,17.00,26.00,39.00,82.00,A
391,STU0339,EC301,15.00,26.00,35.00,76.00,B+
392,STU0339,EC302,17.00,21.00,40.00,78.00,B+
393,STU0059,EC301,17.00,22.00,43.00,82.00,A
394,STU0059,EC302,13.00,21.00,40.00,74.00,B+
395,STU0491,EC301,13.00,25.00,44.00,82.00,A
396,STU0491,EC302,15.00,26.00,38.00,79.00,B+
397,STU0347,EC301,12.00,25.00,43.00,80.00,A
398,STU0347,EC302,16.00,21.00,44.00,81.00,A
399,STU0995,EC301,16.00,24.00,39.00,79.00,B+
400,STU0995,EC302,14.00,22.00,36.00,72.00,B+
401,STU0739,EC301,16.00,23.00,44.00,83.00,A
402,STU0739,EC302,16.00,23.00,38.00,77.00,B+
403,STU0651,EC301,14.00,21.00,37.00,72.00,B+
404,STU0651,EC302,17.00,24.00,39.00,80.00,A
405,STU0355,EC301,12.00,21.00,39.00,72.00,B+
406,STU0355,EC302,17.00,26.00,39.00,82.00,A
407,STU0731,EC301,12.00,25.00,34.00,71.00,B+
408,STU0731,EC302,15.00,24.00,38.00,77.00,B+
409,STU0363,EC301,14.00,23.00,41.00,78.00,B+
410,STU0363,EC302,14.00,23.00,42.00,79.00,B+
411,STU0467,EC301,17.00,24.00,36.00,77.00,B+
412,STU0467,EC302,17.00,23.00,43.00,83.00,A
413,STU0723,EC301,12.00,25.00,35.00,72.00,B+
414,STU0723,EC302,17.00,22.00,42.00,81.00,A
415,STU0371,EC301,17.00,23.00,37.00,77.00,B+
416,STU0371,EC302,17.00,23.00,44.00,84.00,A
417,STU0963,EC301,14.00,25.00,40.00,79.00,B+
418,STU0963,EC302,15.00,22.00,37.00,74.00,B+
419,STU0507,EC301,17.00,26.00,41.00,84.00,A
420,STU0507,EC302,12.00,21.00,43.00,76.00,B+
421,STU0379,EC301,17.00,22.00,38.00,77.00,B+
422,STU0379,EC302,15.00,24.00,34.00,73.00,B+
423,STU0619,EC301,17.00,24.00,42.00,83.00,A
424,STU0619,EC302,13.00,23.00,36.00,72.00,B+
425,STU0515,EC301,14.00,26.00,34.00,74.00,B+
426,STU0515,EC302,14.00,22.00,34.00,70.00,B+
427,STU0715,EC301,14.00,23.00,37.00,74.00,B+
428,STU0715,EC302,13.00,23.00,43.00,79.00,B+
429,STU0611,EC301,17.00,24.00,40.00,81.00,A
430,STU0611,EC302,13.00,21.00,34.00,68.00,B
431,STU0523,EC301,13.00,21.00,34.00,68.00,B
432,STU0523,EC302,14.00,25.00,44.00,83.00,A
433,STU0603,EC301,17.00,22.00,36.00,75.00,B+
434,STU0603,EC302,16.00,24.00,36.00,76.00,B+
435,STU0499,EC301,14.00,23.00,37.00,74.00,B+
436,STU0499,EC302,14.00,24.00,34.00,72.00,B+
437,STU0531,EC301,17.00,24.00,41.00,82.00,A
438,STU0531,EC302,13.00,26.00,39.00,78.00,B+
439,STU0067,EC301,13.00,26.00,43.00,82.00,A
440,STU0067,EC302,16.00,23.00,35.00,74.00,B+
441,STU0387,EC301,12.00,24.00,39.00,75.00,B+
442,STU0387,EC302,15.00,24.00,36.00,75.00,B+
443,STU0539,EC301,13.00,24.00,41.00,78.00,B+
444,STU0539,EC302,16.00,22.00,43.00,81.00,A
445,STU0595,EC301,17.00,25.00,35.00,77.00,B+
446,STU0595,EC302,14.00,22.00,35.00,71.00,B+
447,STU0547,EC301,14.00,25.00,39.00,78.00,B+
448,STU0547,EC302,12.00,22.00,38.00,72.00,B+
449,STU0587,EC301,13.00,26.00,36.00,75.00,B+
450,STU0587,EC302,12.00,21.00,39.00,72.00,B+
451,STU0555,EC301,13.00,21.00,38.00,72.00,B+
452,STU0555,EC302,15.00,21.00,35.00,71.00,B+
453,STU0707,EC301,13.00,21.00,42.00,76.00,B+
454,STU0707,EC302,17.00,22.00,41.00,80.00,A
455,STU0579,EC301,17.00,23.00,34.00,74.00,B+
456,STU0579,EC302,15.00,26.00,40.00,81.00,A
457,STU0563,EC301,17.00,21.00,37.00,75.00,B+
458,STU0563,EC302,13.00,21.00,39.00,73.00,B+
459,STU0947,EC301,14.00,22.00,42.00,78.00,B+
460,STU0947,EC302,14.00,21.00,44.00,79.00,B+
461,STU0571,EC301,16.00,23.00,35.00,74.00,B+
462,STU0571,EC302,16.00,24.00,38.00,78.00,B+
463,STU0395,EC301,12.00,24.00,44.00,80.00,A
464,STU0395,EC302,12.00,24.00,38.00,74.00,B+
465,STU0075,EC301,16.00,24.00,35.00,75.00,B+
466,STU0075,EC302,15.00,24.00,34.00,73.00,B+
467,STU0011,EC301,14.00,22.00,34.00,70.00,B+
468,STU0011,EC302,12.00,21.00,44.00,77.00,B+
469,STU0939,EC301,12.00,25.00,43.00,80.00,A
470,STU0939,EC302,12.00,24.00,39.00,75.00,B+
471,STU0051,EC301,16.00,22.00,41.00,79.00,B+
472,STU0051,EC302,13.00,24.00,43.00,80.00,A
473,STU0083,EC301,14.00,21.00,35.00,70.00,B+
474,STU0083,EC302,12.00,23.00,40.00,75.00,B+
475,STU0475,EC301,13.00,23.00,38.00,74.00,B+
476,STU0475,EC302,15.00,23.00,43.00,81.00,A
477,STU0091,EC301,17.00,25.00,42.00,84.00,A
478,STU0091,EC302,12.00,22.00,44.00,78.00,B+
479,STU0003,EC301,17.00,25.00,38.00,80.00,A
480,STU0003,EC302,13.00,22.00,39.00,74.00,B+
481,STU0931,EC301,14.00,24.00,43.00,81.00,A
482,STU0931,EC302,15.00,22.00,34.00,71.00,B+
483,STU0699,EC301,15.00,22.00,43.00,80.00,A
484,STU0699,EC302,15.00,23.00,36.00,74.00,B+
485,STU0099,EC301,17.00,25.00,38.00,80.00,A
486,STU0099,EC302,15.00,26.00,40.00,81.00,A
487,STU0923,EC301,16.00,23.00,37.00,76.00,B+
488,STU0923,EC302,14.00,22.00,41.00,77.00,B+
489,STU0403,EC301,14.00,24.00,43.00,81.00,A
490,STU0403,EC302,16.00,24.00,37.00,77.00,B+
491,STU0107,EC301,16.00,23.00,37.00,76.00,B+
492,STU0107,EC302,17.00,23.00,42.00,82.00,A
493,STU0915,EC301,13.00,26.00,42.00,81.00,A
494,STU0915,EC302,14.00,21.00,43.00,78.00,B+
495,STU0115,EC301,15.00,25.00,41.00,81.00,A
496,STU0115,EC302,17.00,23.00,38.00,78.00,B+
497,STU0987,EC301,16.00,21.00,40.00,77.00,B+
498,STU0987,EC302,12.00,25.00,44.00,81.00,A
499,STU0123,EC301,16.00,24.00,35.00,75.00,B+
500,STU0123,EC302,13.00,23.00,37.00,73.00,B+
501,STU0716,ME401,15.00,22.00,44.00,81.00,A
502,STU0252,ME401,14.00,23.00,41.00,78.00,B+
503,STU0812,ME401,12.00,26.00,36.00,74.00,B+
504,STU0620,ME401,16.00,23.00,41.00,80.00,A
505,STU0956,ME401,16.00,26.00,37.00,79.00,B+
506,STU0244,ME401,15.00,23.00,39.00,77.00,B+
507,STU0012,ME401,13.00,24.00,39.00,76.00,B+
508,STU0508,ME401,14.00,22.00,44.00,80.00,A
509,STU0164,ME401,17.00,24.00,44.00,85.00,A
510,STU0052,ME401,16.00,22.00,34.00,72.00,B+
511,STU0436,ME401,13.00,24.00,40.00,77.00,B+
512,STU0380,ME401,15.00,26.00,37.00,78.00,B+
513,STU0820,ME401,15.00,24.00,42.00,81.00,A
514,STU0236,ME401,12.00,25.00,39.00,76.00,B+
515,STU0932,ME401,14.00,22.00,40.00,76.00,B+
516,STU0516,ME401,14.00,24.00,35.00,73.00,B+
517,STU0700,ME401,12.00,22.00,40.00,74.00,B+
518,STU0612,ME401,12.00,23.00,39.00,74.00,B+
519,STU0004,ME401,13.00,25.00,36.00,74.00,B+
520,STU0828,ME401,12.00,24.00,41.00,77.00,B+
521,STU0228,ME401,12.00,21.00,38.00,71.00,B+
522,STU0484,ME401,16.00,25.00,38.00,79.00,B+
523,STU0412,ME401,15.00,25.00,44.00,84.00,A
524,STU0524,ME401,12.00,26.00,37.00,75.00,B+
525,STU0220,ME401,13.00,24.00,35.00,72.00,B+
526,STU0644,ME401,15.00,22.00,37.00,74.00,B+
527,STU0604,ME401,17.00,21.00,40.00,78.00,B+
528,STU0092,ME401,13.00,23.00,41.00,77.00,B+
529,STU0692,ME401,12.00,21.00,42.00,75.00,B+
530,STU0676,ME401,14.00,26.00,43.00,83.00,A
531,STU0116,ME401,14.00,24.00,38.00,76.00,B+
532,STU0532,ME401,13.00,23.00,35.00,71.00,B+
533,STU0156,ME401,13.00,26.00,41.00,80.00,A
534,STU0836,ME401,15.00,24.00,37.00,76.00,B+
535,STU0028,ME401,12.00,21.00,38.00,71.00,B+
536,STU0596,ME401,15.00,21.00,40.00,76.00,B+
537,STU0124,ME401,17.00,24.00,40.00,81.00,A
538,STU0212,ME401,13.00,22.00,41.00,76.00,B+
539,STU0476,ME401,15.00,24.00,36.00,75.00,B+
540,STU0540,ME401,12.00,23.00,35.00,70.00,B+
541,STU0068,ME401,16.00,21.00,41.00,78.00,B+
542,STU0884,ME401,17.00,24.00,39.00,80.00,A
543,STU0844,ME401,13.00,23.00,36.00,72.00,B+
544,STU0388,ME401,14.00,23.00,43.00,80.00,A
545,STU0428,ME401,17.00,26.00,35.00,78.00,B+
546,STU0204,ME401,13.00,25.00,34.00,72.00,B+
547,STU0140,ME401,17.00,25.00,43.00,85.00,A
548,STU0548,ME401,17.00,21.00,35.00,73.00,B+
549,STU0852,ME401,12.00,22.00,40.00,74.00,B+
550,STU0588,ME401,16.00,25.00,42.00,83.00,A
551,STU0100,ME401,15.00,24.00,34.00,73.00,B+
552,STU0196,ME401,14.00,21.00,35.00,70.00,B+
553,STU0708,ME401,16.00,22.00,36.00,74.00,B+
554,STU0500,ME401,14.00,23.00,41.00,78.00,B+
555,STU0020,ME401,12.00,24.00,40.00,76.00,B+
556,STU0556,ME401,15.00,25.00,40.00,80.00,A
557,STU0948,ME401,17.00,21.00,36.00,74.00,B+
558,STU0924,ME401,17.00,25.00,39.00,81.00,A
559,STU0580,ME401,17.00,26.00,34.00,77.00,B+
560,STU0900,ME401,16.00,25.00,35.00,76.00,B+
561,STU0188,ME401,14.00,25.00,38.00,77.00,B+
562,STU0764,ME401,16.00,24.00,41.00,81.00,A
563,STU0660,ME401,16.00,22.00,44.00,82.00,A
564,STU0308,ME401,14.00,21.00,39.00,74.00,B+
565,STU0860,ME401,16.00,25.00,39.00,80.00,A
566,STU0316,ME401,17.00,21.00,43.00,81.00,A
567,STU0148,ME401,17.00,22.00,43.00,82.00,A
568,STU0564,ME401,16.00,21.00,35.00,72.00,B+
569,STU0452,ME401,17.00,26.00,38.00,81.00,A
570,STU0772,ME401,13.00,21.00,44.00,78.00,B+
571,STU0300,ME401,14.00,26.00,43.00,83.00,A
572,STU0780,ME401,16.00,26.00,43.00,85.00,A
573,STU0908,ME401,12.00,23.00,43.00,78.00,B+
574,STU0324,ME401,13.00,24.00,38.00,75.00,B+
575,STU0972,ME401,13.00,22.00,35.00,70.00,B+
576,STU0756,ME401,13.00,22.00,35.00,70.00,B+
577,STU0684,ME401,16.00,21.00,42.00,79.00,B+
578,STU0292,ME401,17.00,26.00,44.00,87.00,A
579,STU0996,ME401,12.00,21.00,38.00,71.00,B+
580,STU0284,ME401,14.00,22.00,41.00,77.00,B+
581,STU0980,ME401,15.00,25.00,38.00,78.00,B+
582,STU0332,ME401,16.00,26.00,38.00,80.00,A
583,STU0572,ME401,14.00,26.00,38.00,78.00,B+
584,STU0180,ME401,13.00,25.00,40.00,78.00,B+
585,STU0748,ME401,16.00,24.00,35.00,75.00,B+
586,STU0868,ME401,16.00,22.00,37.00,75.00,B+
587,STU0460,ME401,16.00,26.00,42.00,84.00,A
588,STU0788,ME401,13.00,23.00,40.00,76.00,B+
589,STU0892,ME401,12.00,25.00,43.00,80.00,A
590,STU0340,ME401,17.00,22.00,41.00,80.00,A
591,STU0044,ME401,12.00,23.00,43.00,78.00,B+
592,STU0036,ME401,12.00,21.00,43.00,76.00,B+
593,STU0420,ME401,14.00,26.00,39.00,79.00,B+
594,STU0740,ME401,16.00,26.00,39.00,81.00,A
595,STU0628,ME401,17.00,21.00,40.00,78.00,B+
596,STU0276,ME401,13.00,25.00,37.00,75.00,B+
597,STU0172,ME401,13.00,22.00,38.00,73.00,B+
598,STU0348,ME401,15.00,26.00,40.00,81.00,A
599,STU0108,ME401,13.00,22.00,41.00,76.00,B+
600,STU0076,ME401,12.00,24.00,39.00,75.00,B+
601,STU0796,ME401,12.00,24.00,37.00,73.00,B+
602,STU0652,ME401,15.00,26.00,35.00,76.00,B+
603,STU0988,ME401,13.00,22.00,35.00,70.00,B+
604,STU0444,ME401,15.00,24.00,34.00,73.00,B+
605,STU0396,ME401,13.00,22.00,36.00,71.00,B+
606,STU0356,ME401,16.00,22.00,42.00,80.00,A
607,STU0492,ME401,17.00,24.00,34.00,75.00,B+
608,STU0732,ME401,13.00,21.00,34.00,68.00,B
609,STU0940,ME401,17.00,21.00,35.00,73.00,B+
610,STU0268,ME401,17.00,23.00,37.00,77.00,B+
611,STU0804,ME401,16.00,22.00,44.00,82.00,A
612,STU0260,ME401,14.00,26.00,38.00,78.00,B+
613,STU0404,ME401,14.00,26.00,44.00,84.00,A
614,STU0364,ME401,14.00,23.00,39.00,76.00,B+
615,STU0964,ME401,15.00,21.00,35.00,71.00,B+
616,STU0916,ME401,15.00,25.00,34.00,74.00,B+
617,STU0724,ME401,17.00,24.00,40.00,81.00,A
618,STU0876,ME401,13.00,24.00,39.00,76.00,B+
619,STU0468,ME401,16.00,22.00,42.00,80.00,A
620,STU0636,ME401,16.00,22.00,35.00,73.00,B+
621,STU0132,ME401,14.00,24.00,37.00,75.00,B+
622,STU0372,ME401,16.00,23.00,38.00,77.00,B+
623,STU0084,ME401,13.00,22.00,38.00,73.00,B+
624,STU0668,ME401,12.00,25.00,34.00,71.00,B+
625,STU0060,ME401,16.00,23.00,41.00,80.00,A
626,STU0501,CE101,17.00,23.00,44.00,84.00,A
627,STU0005,CE101,15.00,22.00,40.00,77.00,B+
628,STU0013,CE101,12.00,24.00,37.00,73.00,B+
629,STU0021,CE101,14.00,23.00,36.00,73.00,B+
630,STU0029,CE101,14.00,22.00,36.00,72.00,B+
631,STU0037,CE101,14.00,25.00,35.00,74.00,B+
632,STU0045,CE101,14.00,25.00,39.00,78.00,B+
633,STU0053,CE101,17.00,25.00,43.00,85.00,A
634,STU0061,CE101,17.00,22.00,38.00,77.00,B+
635,STU0069,CE101,13.00,23.00,42.00,78.00,B+
636,STU0077,CE101,17.00,23.00,41.00,81.00,A
637,STU0085,CE101,16.00,21.00,34.00,71.00,B+
638,STU0093,CE101,15.00,24.00,39.00,78.00,B+
639,STU0101,CE101,13.00,25.00,38.00,76.00,B+
640,STU0109,CE101,12.00,26.00,40.00,78.00,B+
641,STU0117,CE101,16.00,23.00,43.00,82.00,A
642,STU0125,CE101,15.00,23.00,41.00,79.00,B+
643,STU0133,CE101,14.00,24.00,44.00,82.00,A
644,STU0141,CE101,14.00,25.00,39.00,78.00,B+
645,STU0149,CE101,15.00,25.00,38.00,78.00,B+
646,STU0157,CE101,17.00,21.00,34.00,72.00,B+
647,STU0165,CE101,12.00,23.00,41.00,76.00,B+
648,STU0173,CE101,12.00,26.00,39.00,77.00,B+
649,STU0181,CE101,14.00,21.00,41.00,76.00,B+
650,STU0189,CE101,12.00,22.00,40.00,74.00,B+
651,STU0197,CE101,13.00,25.00,43.00,81.00,A
652,STU0205,CE101,14.00,24.00,34.00,72.00,B+
653,STU0213,CE101,17.00,23.00,35.00,75.00,B+
654,STU0221,CE101,15.00,26.00,39.00,80.00,A
655,STU0229,CE101,15.00,22.00,42.00,79.00,B+
656,STU0237,CE101,13.00,24.00,43.00,80.00,A
657,STU0245,CE101,14.00,24.00,36.00,74.00,B+
658,STU0253,CE101,16.00,21.00,43.00,80.00,A
659,STU0261,CE101,17.00,25.00,37.00,79.00,B+
660,STU0269,CE101,16.00,23.00,34.00,73.00,B+
771,STU0982,EE201,17.00,25.00,43.00,85.00,A
661,STU0277,CE101,16.00,24.00,35.00,75.00,B+
662,STU0285,CE101,12.00,26.00,39.00,77.00,B+
663,STU0293,CE101,17.00,24.00,36.00,77.00,B+
664,STU0301,CE101,15.00,25.00,34.00,74.00,B+
665,STU0309,CE101,12.00,24.00,35.00,71.00,B+
666,STU0317,CE101,15.00,23.00,38.00,76.00,B+
667,STU0325,CE101,17.00,24.00,36.00,77.00,B+
668,STU0333,CE101,12.00,26.00,36.00,74.00,B+
669,STU0341,CE101,17.00,26.00,34.00,77.00,B+
670,STU0349,CE101,14.00,26.00,41.00,81.00,A
671,STU0357,CE101,16.00,24.00,41.00,81.00,A
672,STU0365,CE101,15.00,25.00,44.00,84.00,A
673,STU0373,CE101,14.00,21.00,38.00,73.00,B+
674,STU0381,CE101,15.00,24.00,40.00,79.00,B+
675,STU0389,CE101,17.00,21.00,42.00,80.00,A
676,STU0397,CE101,14.00,22.00,41.00,77.00,B+
677,STU0405,CE101,12.00,26.00,40.00,78.00,B+
678,STU0413,CE101,17.00,26.00,39.00,82.00,A
679,STU0421,CE101,13.00,21.00,35.00,69.00,B
680,STU0429,CE101,15.00,26.00,34.00,75.00,B+
681,STU0437,CE101,15.00,24.00,36.00,75.00,B+
682,STU0445,CE101,16.00,23.00,35.00,74.00,B+
683,STU0453,CE101,12.00,26.00,38.00,76.00,B+
684,STU0461,CE101,14.00,24.00,34.00,72.00,B+
685,STU0469,CE101,15.00,22.00,41.00,78.00,B+
686,STU0477,CE101,17.00,23.00,40.00,80.00,A
687,STU0485,CE101,17.00,24.00,36.00,77.00,B+
688,STU0493,CE101,16.00,25.00,37.00,78.00,B+
689,STU0509,CE101,14.00,25.00,41.00,80.00,A
690,STU0517,CE101,12.00,26.00,44.00,82.00,A
691,STU0525,CE101,15.00,23.00,39.00,77.00,B+
692,STU0533,CE101,13.00,23.00,36.00,72.00,B+
693,STU0541,CE101,15.00,21.00,40.00,76.00,B+
694,STU0549,CE101,12.00,26.00,40.00,78.00,B+
695,STU0557,CE101,17.00,21.00,36.00,74.00,B+
696,STU0565,CE101,13.00,23.00,44.00,80.00,A
697,STU0573,CE101,12.00,23.00,41.00,76.00,B+
698,STU0581,CE101,17.00,22.00,36.00,75.00,B+
699,STU0589,CE101,13.00,21.00,35.00,69.00,B
700,STU0597,CE101,13.00,26.00,38.00,77.00,B+
701,STU0605,CE101,12.00,21.00,41.00,74.00,B+
702,STU0613,CE101,16.00,21.00,44.00,81.00,A
703,STU0621,CE101,15.00,24.00,38.00,77.00,B+
704,STU0629,CE101,14.00,26.00,36.00,76.00,B+
705,STU0637,CE101,15.00,22.00,35.00,72.00,B+
706,STU0645,CE101,12.00,21.00,41.00,74.00,B+
707,STU0653,CE101,16.00,23.00,43.00,82.00,A
708,STU0661,CE101,16.00,22.00,34.00,72.00,B+
709,STU0669,CE101,12.00,21.00,39.00,72.00,B+
710,STU0677,CE101,12.00,23.00,37.00,72.00,B+
711,STU0685,CE101,17.00,21.00,39.00,77.00,B+
712,STU0693,CE101,15.00,22.00,38.00,75.00,B+
713,STU0701,CE101,14.00,21.00,41.00,76.00,B+
714,STU0709,CE101,13.00,23.00,39.00,75.00,B+
715,STU0717,CE101,16.00,22.00,35.00,73.00,B+
716,STU0725,CE101,12.00,21.00,40.00,73.00,B+
717,STU0733,CE101,14.00,25.00,38.00,77.00,B+
718,STU0741,CE101,16.00,24.00,35.00,75.00,B+
719,STU0749,CE101,12.00,21.00,41.00,74.00,B+
720,STU0757,CE101,17.00,26.00,38.00,81.00,A
721,STU0765,CE101,14.00,21.00,35.00,70.00,B+
722,STU0773,CE101,17.00,22.00,42.00,81.00,A
723,STU0781,CE101,17.00,26.00,41.00,84.00,A
724,STU0789,CE101,17.00,22.00,44.00,83.00,A
725,STU0797,CE101,17.00,21.00,38.00,76.00,B+
726,STU0805,CE101,14.00,26.00,43.00,83.00,A
727,STU0813,CE101,12.00,22.00,40.00,74.00,B+
728,STU0821,CE101,17.00,24.00,35.00,76.00,B+
729,STU0829,CE101,14.00,22.00,35.00,71.00,B+
730,STU0837,CE101,17.00,23.00,42.00,82.00,A
731,STU0845,CE101,17.00,22.00,37.00,76.00,B+
732,STU0853,CE101,16.00,23.00,34.00,73.00,B+
733,STU0861,CE101,13.00,22.00,39.00,74.00,B+
734,STU0869,CE101,16.00,23.00,42.00,81.00,A
735,STU0877,CE101,14.00,22.00,36.00,72.00,B+
736,STU0885,CE101,13.00,23.00,34.00,70.00,B+
737,STU0893,CE101,12.00,21.00,39.00,72.00,B+
738,STU0901,CE101,12.00,23.00,34.00,69.00,B
739,STU0909,CE101,17.00,21.00,35.00,73.00,B+
740,STU0917,CE101,17.00,21.00,39.00,77.00,B+
741,STU0925,CE101,14.00,26.00,38.00,78.00,B+
742,STU0933,CE101,15.00,22.00,41.00,78.00,B+
743,STU0941,CE101,12.00,26.00,34.00,72.00,B+
744,STU0949,CE101,12.00,25.00,38.00,75.00,B+
745,STU0957,CE101,13.00,22.00,38.00,73.00,B+
746,STU0965,CE101,15.00,25.00,44.00,84.00,A
747,STU0973,CE101,16.00,21.00,39.00,76.00,B+
748,STU0981,CE101,14.00,23.00,42.00,79.00,B+
749,STU0989,CE101,16.00,26.00,36.00,78.00,B+
750,STU0997,CE101,17.00,22.00,37.00,76.00,B+
751,STU0526,EE201,13.00,22.00,35.00,70.00,B+
752,STU0166,EE201,13.00,26.00,39.00,78.00,B+
753,STU0334,EE201,15.00,22.00,43.00,80.00,A
754,STU0174,EE201,12.00,22.00,35.00,69.00,B
755,STU0670,EE201,16.00,25.00,44.00,85.00,A
756,STU0326,EE201,12.00,23.00,35.00,70.00,B+
757,STU0870,EE201,13.00,26.00,35.00,74.00,B+
758,STU0758,EE201,16.00,22.00,35.00,73.00,B+
759,STU0510,EE201,14.00,25.00,35.00,74.00,B+
760,STU0182,EE201,17.00,22.00,39.00,78.00,B+
761,STU0862,EE201,14.00,23.00,44.00,81.00,A
762,STU0070,EE201,17.00,26.00,37.00,80.00,A
763,STU0318,EE201,12.00,22.00,37.00,71.00,B+
764,STU0190,EE201,16.00,26.00,41.00,83.00,A
765,STU0478,EE201,17.00,22.00,36.00,75.00,B+
766,STU0766,EE201,16.00,23.00,41.00,80.00,A
767,STU0502,EE201,14.00,21.00,38.00,73.00,B+
768,STU0854,EE201,16.00,26.00,42.00,84.00,A
769,STU0438,EE201,15.00,23.00,35.00,73.00,B+
770,STU0310,EE201,16.00,23.00,42.00,81.00,A
772,STU0566,EE201,15.00,23.00,44.00,82.00,A
773,STU0038,EE201,12.00,21.00,38.00,71.00,B+
774,STU0774,EE201,13.00,25.00,43.00,81.00,A
775,STU0606,EE201,12.00,24.00,40.00,76.00,B+
776,STU0198,EE201,17.00,23.00,35.00,75.00,B+
777,STU0302,EE201,13.00,22.00,39.00,74.00,B+
778,STU0206,EE201,14.00,26.00,40.00,80.00,A
779,STU0574,EE201,13.00,26.00,36.00,75.00,B+
780,STU0294,EE201,12.00,22.00,34.00,68.00,B
781,STU0846,EE201,13.00,25.00,34.00,72.00,B+
782,STU0782,EE201,14.00,23.00,34.00,71.00,B+
783,STU0678,EE201,12.00,22.00,44.00,78.00,B+
784,STU0998,EE201,16.00,26.00,40.00,82.00,A
785,STU0214,EE201,13.00,21.00,43.00,77.00,B+
786,STU0534,EE201,14.00,24.00,39.00,77.00,B+
787,STU0286,EE201,15.00,22.00,42.00,79.00,B+
788,STU0838,EE201,13.00,25.00,41.00,79.00,B+
789,STU0974,EE201,12.00,23.00,38.00,73.00,B+
790,STU0790,EE201,12.00,23.00,34.00,69.00,B
791,STU0078,EE201,14.00,26.00,40.00,80.00,A
792,STU0222,EE201,13.00,24.00,44.00,81.00,A
793,STU0430,EE201,15.00,26.00,38.00,79.00,B+
794,STU0278,EE201,12.00,24.00,41.00,77.00,B+
795,STU0830,EE201,17.00,25.00,43.00,85.00,A
796,STU0942,EE201,14.00,25.00,38.00,77.00,B+
797,STU0646,EE201,12.00,25.00,41.00,78.00,B+
798,STU0798,EE201,15.00,22.00,41.00,78.00,B+
799,STU0422,EE201,12.00,23.00,44.00,79.00,B+
800,STU0030,EE201,16.00,24.00,42.00,82.00,A
801,STU0270,EE201,16.00,26.00,40.00,82.00,A
802,STU0230,EE201,14.00,21.00,36.00,71.00,B+
803,STU0494,EE201,13.00,23.00,35.00,71.00,B+
804,STU0262,EE201,14.00,23.00,37.00,74.00,B+
805,STU0238,EE201,12.00,26.00,43.00,81.00,A
806,STU0806,EE201,17.00,23.00,39.00,79.00,B+
807,STU0686,EE201,13.00,21.00,36.00,70.00,B+
808,STU0822,EE201,17.00,23.00,38.00,78.00,B+
809,STU0246,EE201,12.00,25.00,36.00,73.00,B+
810,STU0598,EE201,14.00,22.00,37.00,73.00,B+
811,STU0254,EE201,15.00,22.00,39.00,76.00,B+
812,STU0814,EE201,16.00,26.00,38.00,80.00,A
813,STU0014,EE201,16.00,25.00,36.00,77.00,B+
814,STU0086,EE201,12.00,26.00,34.00,72.00,B+
815,STU0614,EE201,15.00,24.00,34.00,73.00,B+
816,STU0414,EE201,14.00,24.00,42.00,80.00,A
817,STU0934,EE201,13.00,21.00,40.00,74.00,B+
818,STU0054,EE201,12.00,26.00,41.00,79.00,B+
819,STU0694,EE201,14.00,23.00,36.00,73.00,B+
820,STU0470,EE201,13.00,24.00,37.00,74.00,B+
821,STU0094,EE201,13.00,26.00,41.00,80.00,A
822,STU0950,EE201,12.00,21.00,43.00,76.00,B+
823,STU0406,EE201,17.00,23.00,41.00,81.00,A
824,STU0926,EE201,13.00,22.00,41.00,76.00,B+
825,STU0630,EE201,13.00,26.00,43.00,82.00,A
826,STU0102,EE201,16.00,24.00,36.00,76.00,B+
827,STU0702,EE201,15.00,26.00,39.00,80.00,A
828,STU0486,EE201,13.00,25.00,39.00,77.00,B+
829,STU0110,EE201,16.00,25.00,44.00,85.00,A
830,STU0398,EE201,15.00,21.00,42.00,78.00,B+
831,STU0918,EE201,13.00,24.00,35.00,72.00,B+
832,STU0654,EE201,16.00,21.00,35.00,72.00,B+
833,STU0390,EE201,16.00,21.00,41.00,78.00,B+
834,STU0062,EE201,17.00,21.00,40.00,78.00,B+
835,STU0710,EE201,17.00,25.00,35.00,77.00,B+
836,STU0542,EE201,16.00,23.00,39.00,78.00,B+
837,STU0990,EE201,16.00,26.00,35.00,77.00,B+
838,STU0118,EE201,13.00,23.00,40.00,76.00,B+
839,STU0462,EE201,14.00,25.00,42.00,81.00,A
840,STU0382,EE201,17.00,25.00,37.00,79.00,B+
841,STU0910,EE201,12.00,24.00,35.00,71.00,B+
842,STU0006,EE201,12.00,22.00,37.00,71.00,B+
843,STU0718,EE201,16.00,23.00,42.00,81.00,A
844,STU0590,EE201,13.00,26.00,34.00,73.00,B+
845,STU0126,EE201,15.00,21.00,40.00,76.00,B+
846,STU0638,EE201,12.00,21.00,41.00,74.00,B+
847,STU0374,EE201,15.00,26.00,38.00,79.00,B+
848,STU0902,EE201,16.00,23.00,35.00,74.00,B+
849,STU0454,EE201,13.00,24.00,38.00,75.00,B+
850,STU0966,EE201,15.00,24.00,38.00,77.00,B+
851,STU0726,EE201,17.00,26.00,39.00,82.00,A
852,STU0958,EE201,13.00,21.00,43.00,77.00,B+
853,STU0134,EE201,16.00,25.00,37.00,78.00,B+
854,STU0366,EE201,16.00,25.00,41.00,82.00,A
855,STU0142,EE201,12.00,24.00,36.00,72.00,B+
856,STU0662,EE201,15.00,26.00,38.00,79.00,B+
857,STU0358,EE201,17.00,25.00,43.00,85.00,A
858,STU0622,EE201,14.00,25.00,38.00,77.00,B+
859,STU0734,EE201,12.00,23.00,43.00,78.00,B+
860,STU0550,EE201,12.00,24.00,43.00,79.00,B+
861,STU0894,EE201,17.00,25.00,39.00,81.00,A
862,STU0150,EE201,12.00,24.00,34.00,70.00,B+
863,STU0558,EE201,15.00,26.00,38.00,79.00,B+
864,STU0350,EE201,17.00,22.00,36.00,75.00,B+
865,STU0886,EE201,17.00,21.00,38.00,76.00,B+
866,STU0022,EE201,14.00,22.00,37.00,73.00,B+
867,STU0742,EE201,13.00,22.00,44.00,79.00,B+
868,STU0518,EE201,12.00,22.00,44.00,78.00,B+
869,STU0158,EE201,12.00,26.00,39.00,77.00,B+
870,STU0446,EE201,14.00,25.00,34.00,73.00,B+
871,STU0342,EE201,17.00,23.00,40.00,80.00,A
872,STU0878,EE201,13.00,24.00,35.00,72.00,B+
873,STU0582,EE201,17.00,25.00,43.00,85.00,A
874,STU0046,EE201,14.00,22.00,42.00,78.00,B+
875,STU0750,EE201,13.00,26.00,40.00,79.00,B+
876,STU0767,DS301,16.00,22.00,43.00,81.00,A
877,STU0767,DS302,14.00,25.00,36.00,75.00,B+
878,STU0495,DS301,16.00,26.00,37.00,79.00,B+
879,STU0495,DS302,15.00,24.00,41.00,80.00,A
880,STU0063,DS301,14.00,26.00,44.00,84.00,A
881,STU0063,DS302,15.00,23.00,42.00,80.00,A
882,STU0631,DS301,17.00,23.00,43.00,83.00,A
883,STU0631,DS302,13.00,23.00,37.00,73.00,B+
884,STU0487,DS301,16.00,24.00,38.00,78.00,B+
885,STU0487,DS302,14.00,23.00,41.00,78.00,B+
886,STU0639,DS301,17.00,21.00,38.00,76.00,B+
887,STU0639,DS302,17.00,23.00,40.00,80.00,A
888,STU0479,DS301,13.00,23.00,39.00,75.00,B+
889,STU0479,DS302,15.00,25.00,44.00,84.00,A
890,STU0647,DS301,14.00,26.00,34.00,74.00,B+
891,STU0647,DS302,17.00,21.00,40.00,78.00,B+
892,STU0471,DS301,12.00,21.00,38.00,71.00,B+
893,STU0471,DS302,12.00,24.00,40.00,76.00,B+
894,STU0463,DS301,15.00,23.00,44.00,82.00,A
895,STU0463,DS302,12.00,25.00,43.00,80.00,A
896,STU0007,DS301,13.00,25.00,43.00,81.00,A
897,STU0007,DS302,13.00,22.00,35.00,70.00,B+
898,STU0655,DS301,15.00,21.00,37.00,73.00,B+
899,STU0655,DS302,17.00,22.00,34.00,73.00,B+
900,STU0455,DS301,15.00,21.00,36.00,72.00,B+
901,STU0455,DS302,12.00,22.00,36.00,70.00,B+
902,STU0663,DS301,15.00,23.00,38.00,76.00,B+
903,STU0663,DS302,17.00,21.00,42.00,80.00,A
904,STU0447,DS301,15.00,22.00,42.00,79.00,B+
905,STU0447,DS302,16.00,21.00,43.00,80.00,A
906,STU0959,DS301,17.00,21.00,43.00,81.00,A
907,STU0959,DS302,15.00,22.00,36.00,73.00,B+
908,STU0671,DS301,12.00,26.00,34.00,72.00,B+
909,STU0671,DS302,17.00,25.00,39.00,81.00,A
910,STU0439,DS301,12.00,21.00,35.00,68.00,B
911,STU0439,DS302,17.00,25.00,44.00,86.00,A
912,STU0431,DS301,17.00,25.00,34.00,76.00,B+
913,STU0431,DS302,17.00,25.00,39.00,81.00,A
914,STU0679,DS301,15.00,22.00,39.00,76.00,B+
915,STU0679,DS302,17.00,25.00,42.00,84.00,A
916,STU0423,DS301,17.00,23.00,36.00,76.00,B+
917,STU0423,DS302,13.00,21.00,42.00,76.00,B+
918,STU0055,DS301,17.00,26.00,40.00,83.00,A
919,STU0055,DS302,14.00,26.00,44.00,84.00,A
920,STU0687,DS301,17.00,25.00,40.00,82.00,A
921,STU0687,DS302,17.00,26.00,37.00,80.00,A
922,STU0415,DS301,17.00,22.00,34.00,73.00,B+
923,STU0415,DS302,13.00,23.00,44.00,80.00,A
924,STU0695,DS301,14.00,21.00,42.00,77.00,B+
925,STU0695,DS302,17.00,21.00,35.00,73.00,B+
926,STU0407,DS301,13.00,21.00,43.00,77.00,B+
927,STU0407,DS302,12.00,25.00,38.00,75.00,B+
928,STU0399,DS301,17.00,21.00,44.00,82.00,A
929,STU0399,DS302,13.00,24.00,37.00,74.00,B+
930,STU0703,DS301,13.00,26.00,42.00,81.00,A
931,STU0703,DS302,13.00,21.00,34.00,68.00,B
932,STU0391,DS301,13.00,22.00,43.00,78.00,B+
933,STU0391,DS302,12.00,24.00,35.00,71.00,B+
934,STU0047,DS301,14.00,22.00,41.00,77.00,B+
935,STU0047,DS302,15.00,23.00,44.00,82.00,A
936,STU0711,DS301,13.00,23.00,36.00,72.00,B+
937,STU0711,DS302,17.00,22.00,44.00,83.00,A
938,STU0383,DS301,13.00,25.00,41.00,79.00,B+
939,STU0383,DS302,14.00,26.00,38.00,78.00,B+
940,STU0719,DS301,12.00,23.00,39.00,74.00,B+
941,STU0719,DS302,13.00,24.00,34.00,71.00,B+
942,STU0375,DS301,15.00,21.00,35.00,71.00,B+
943,STU0375,DS302,13.00,22.00,39.00,74.00,B+
944,STU0367,DS301,15.00,21.00,34.00,70.00,B+
945,STU0367,DS302,15.00,22.00,43.00,80.00,A
946,STU0727,DS301,14.00,26.00,43.00,83.00,A
947,STU0727,DS302,14.00,21.00,34.00,69.00,B
948,STU0359,DS301,17.00,23.00,40.00,80.00,A
949,STU0359,DS302,13.00,24.00,40.00,77.00,B+
950,STU0967,DS301,13.00,21.00,43.00,77.00,B+
951,STU0967,DS302,16.00,25.00,38.00,79.00,B+
952,STU0735,DS301,15.00,22.00,42.00,79.00,B+
953,STU0735,DS302,17.00,21.00,38.00,76.00,B+
954,STU0351,DS301,15.00,22.00,38.00,75.00,B+
955,STU0351,DS302,14.00,26.00,40.00,80.00,A
956,STU0743,DS301,14.00,23.00,44.00,81.00,A
957,STU0743,DS302,15.00,22.00,43.00,80.00,A
958,STU0343,DS301,13.00,26.00,36.00,75.00,B+
959,STU0343,DS302,17.00,21.00,35.00,73.00,B+
960,STU0335,DS301,15.00,23.00,34.00,72.00,B+
961,STU0335,DS302,13.00,26.00,36.00,75.00,B+
962,STU0751,DS301,12.00,21.00,42.00,75.00,B+
963,STU0751,DS302,14.00,21.00,38.00,73.00,B+
964,STU0327,DS301,14.00,23.00,34.00,71.00,B+
965,STU0327,DS302,14.00,25.00,38.00,77.00,B+
966,STU0759,DS301,13.00,23.00,43.00,79.00,B+
967,STU0759,DS302,16.00,24.00,42.00,82.00,A
968,STU0319,DS301,13.00,23.00,36.00,72.00,B+
969,STU0319,DS302,17.00,22.00,34.00,73.00,B+
970,STU0039,DS301,12.00,23.00,36.00,71.00,B+
971,STU0039,DS302,15.00,25.00,40.00,80.00,A
972,STU0311,DS301,14.00,25.00,40.00,79.00,B+
973,STU0311,DS302,13.00,24.00,36.00,73.00,B+
974,STU0303,DS301,13.00,22.00,36.00,71.00,B+
975,STU0303,DS302,14.00,23.00,44.00,81.00,A
976,STU0775,DS301,17.00,23.00,35.00,75.00,B+
977,STU0775,DS302,13.00,25.00,43.00,81.00,A
978,STU0295,DS301,14.00,23.00,43.00,80.00,A
979,STU0295,DS302,13.00,21.00,42.00,76.00,B+
980,STU0783,DS301,13.00,21.00,39.00,73.00,B+
981,STU0783,DS302,13.00,26.00,40.00,79.00,B+
982,STU0287,DS301,14.00,24.00,44.00,82.00,A
983,STU0287,DS302,13.00,25.00,42.00,80.00,A
984,STU0791,DS301,14.00,21.00,40.00,75.00,B+
985,STU0791,DS302,12.00,22.00,35.00,69.00,B
986,STU0279,DS301,12.00,22.00,37.00,71.00,B+
987,STU0279,DS302,16.00,23.00,43.00,82.00,A
988,STU0271,DS301,12.00,23.00,36.00,71.00,B+
989,STU0271,DS302,15.00,25.00,36.00,76.00,B+
990,STU0975,DS301,17.00,25.00,43.00,85.00,A
991,STU0975,DS302,13.00,21.00,34.00,68.00,B
992,STU0799,DS301,13.00,21.00,40.00,74.00,B+
993,STU0799,DS302,17.00,24.00,34.00,75.00,B+
994,STU0263,DS301,13.00,23.00,37.00,73.00,B+
995,STU0263,DS302,17.00,21.00,41.00,79.00,B+
996,STU0807,DS301,14.00,25.00,37.00,76.00,B+
997,STU0807,DS302,14.00,23.00,38.00,75.00,B+
998,STU0255,DS301,16.00,22.00,36.00,74.00,B+
999,STU0255,DS302,13.00,26.00,41.00,80.00,A
1000,STU0815,DS301,12.00,22.00,34.00,68.00,B
1001,STU0815,DS302,12.00,26.00,39.00,77.00,B+
1002,STU0247,DS301,12.00,24.00,34.00,70.00,B+
1003,STU0247,DS302,16.00,23.00,42.00,81.00,A
1004,STU0239,DS301,13.00,23.00,42.00,78.00,B+
1005,STU0239,DS302,12.00,21.00,42.00,75.00,B+
1006,STU0031,DS301,13.00,24.00,44.00,81.00,A
1007,STU0031,DS302,13.00,26.00,37.00,76.00,B+
1008,STU0823,DS301,15.00,22.00,42.00,79.00,B+
1009,STU0823,DS302,13.00,23.00,43.00,79.00,B+
1010,STU0231,DS301,15.00,22.00,42.00,79.00,B+
1011,STU0231,DS302,16.00,25.00,38.00,79.00,B+
1012,STU0831,DS301,14.00,23.00,42.00,79.00,B+
1013,STU0831,DS302,14.00,21.00,39.00,74.00,B+
1014,STU0223,DS301,13.00,26.00,44.00,83.00,A
1015,STU0223,DS302,13.00,23.00,36.00,72.00,B+
1016,STU0839,DS301,16.00,21.00,38.00,75.00,B+
1017,STU0839,DS302,12.00,23.00,39.00,74.00,B+
1018,STU0215,DS301,17.00,23.00,41.00,81.00,A
1019,STU0215,DS302,12.00,26.00,44.00,82.00,A
1020,STU0207,DS301,12.00,24.00,37.00,73.00,B+
1021,STU0207,DS302,16.00,23.00,42.00,81.00,A
1022,STU0847,DS301,12.00,22.00,41.00,75.00,B+
1023,STU0847,DS302,14.00,23.00,34.00,71.00,B+
1024,STU0199,DS301,15.00,24.00,38.00,77.00,B+
1025,STU0199,DS302,14.00,24.00,37.00,75.00,B+
1026,STU0855,DS301,14.00,21.00,40.00,75.00,B+
1027,STU0855,DS302,14.00,26.00,44.00,84.00,A
1028,STU0191,DS301,16.00,24.00,41.00,81.00,A
1029,STU0191,DS302,12.00,25.00,39.00,76.00,B+
1030,STU0983,DS301,17.00,22.00,43.00,82.00,A
1031,STU0983,DS302,17.00,24.00,42.00,83.00,A
1032,STU0863,DS301,16.00,22.00,37.00,75.00,B+
1033,STU0863,DS302,15.00,21.00,41.00,77.00,B+
1034,STU0183,DS301,14.00,26.00,36.00,76.00,B+
1035,STU0183,DS302,13.00,25.00,42.00,80.00,A
1036,STU0175,DS301,15.00,26.00,39.00,80.00,A
1037,STU0175,DS302,14.00,21.00,42.00,77.00,B+
1038,STU0871,DS301,12.00,22.00,40.00,74.00,B+
1039,STU0871,DS302,14.00,24.00,37.00,75.00,B+
1040,STU0167,DS301,16.00,24.00,42.00,82.00,A
1041,STU0167,DS302,17.00,21.00,38.00,76.00,B+
1042,STU0023,DS301,14.00,26.00,37.00,77.00,B+
1043,STU0023,DS302,14.00,24.00,38.00,76.00,B+
1044,STU0879,DS301,12.00,21.00,38.00,71.00,B+
1045,STU0879,DS302,12.00,25.00,36.00,73.00,B+
1046,STU0159,DS301,12.00,24.00,41.00,77.00,B+
1047,STU0159,DS302,14.00,22.00,39.00,75.00,B+
1048,STU0887,DS301,13.00,25.00,42.00,80.00,A
1049,STU0887,DS302,15.00,23.00,38.00,76.00,B+
1050,STU0151,DS301,17.00,23.00,41.00,81.00,A
1051,STU0151,DS302,15.00,23.00,43.00,81.00,A
1052,STU0143,DS301,14.00,21.00,36.00,71.00,B+
1053,STU0143,DS302,15.00,21.00,39.00,75.00,B+
1054,STU0895,DS301,13.00,21.00,36.00,70.00,B+
1055,STU0895,DS302,16.00,21.00,34.00,71.00,B+
1056,STU0135,DS301,17.00,24.00,38.00,79.00,B+
1057,STU0135,DS302,16.00,24.00,40.00,80.00,A
1058,STU0015,DS301,17.00,24.00,36.00,77.00,B+
1059,STU0015,DS302,16.00,24.00,34.00,74.00,B+
1060,STU0903,DS301,12.00,26.00,38.00,76.00,B+
1061,STU0903,DS302,14.00,23.00,36.00,73.00,B+
1062,STU0127,DS301,16.00,21.00,34.00,71.00,B+
1063,STU0127,DS302,17.00,24.00,40.00,81.00,A
1064,STU0999,DS301,15.00,25.00,40.00,80.00,A
1065,STU0999,DS302,16.00,26.00,35.00,77.00,B+
1066,STU0911,DS301,14.00,26.00,44.00,84.00,A
1067,STU0911,DS302,15.00,26.00,42.00,83.00,A
1068,STU0119,DS301,17.00,23.00,38.00,78.00,B+
1069,STU0119,DS302,13.00,22.00,35.00,70.00,B+
1070,STU0111,DS301,12.00,26.00,35.00,73.00,B+
1071,STU0111,DS302,16.00,25.00,34.00,75.00,B+
1072,STU0919,DS301,15.00,25.00,43.00,83.00,A
1073,STU0919,DS302,12.00,22.00,42.00,76.00,B+
1074,STU0103,DS301,15.00,26.00,38.00,79.00,B+
1075,STU0103,DS302,12.00,25.00,39.00,76.00,B+
1076,STU0991,DS301,14.00,22.00,41.00,77.00,B+
1077,STU0991,DS302,15.00,22.00,34.00,71.00,B+
1078,STU0927,DS301,14.00,24.00,37.00,75.00,B+
1079,STU0927,DS302,17.00,22.00,37.00,76.00,B+
1080,STU0095,DS301,17.00,21.00,35.00,73.00,B+
1081,STU0095,DS302,17.00,26.00,34.00,77.00,B+
1082,STU0935,DS301,13.00,24.00,38.00,75.00,B+
1083,STU0935,DS302,14.00,21.00,37.00,72.00,B+
1084,STU0087,DS301,17.00,22.00,34.00,73.00,B+
1085,STU0087,DS302,14.00,25.00,43.00,82.00,A
1086,STU0079,DS301,16.00,22.00,39.00,77.00,B+
1087,STU0079,DS302,15.00,24.00,44.00,83.00,A
1088,STU0943,DS301,14.00,24.00,44.00,82.00,A
1089,STU0943,DS302,12.00,24.00,38.00,74.00,B+
1090,STU0071,DS301,12.00,24.00,43.00,79.00,B+
1091,STU0071,DS302,15.00,26.00,34.00,75.00,B+
1092,STU0575,DS301,16.00,23.00,38.00,77.00,B+
1093,STU0575,DS302,14.00,26.00,37.00,77.00,B+
1094,STU0567,DS301,12.00,23.00,34.00,69.00,B
1095,STU0567,DS302,15.00,24.00,34.00,73.00,B+
1096,STU0559,DS301,12.00,24.00,37.00,73.00,B+
1097,STU0559,DS302,17.00,23.00,34.00,74.00,B+
1098,STU0583,DS301,16.00,26.00,35.00,77.00,B+
1099,STU0583,DS302,15.00,23.00,39.00,77.00,B+
1100,STU0551,DS301,15.00,23.00,44.00,82.00,A
1101,STU0551,DS302,16.00,26.00,35.00,77.00,B+
1102,STU0591,DS301,15.00,21.00,38.00,74.00,B+
1103,STU0591,DS302,17.00,24.00,34.00,75.00,B+
1104,STU0543,DS301,16.00,24.00,40.00,80.00,A
1105,STU0543,DS302,15.00,25.00,39.00,79.00,B+
1106,STU0599,DS301,17.00,22.00,44.00,83.00,A
1107,STU0599,DS302,16.00,23.00,43.00,82.00,A
1108,STU0535,DS301,14.00,26.00,39.00,79.00,B+
1109,STU0535,DS302,14.00,24.00,42.00,80.00,A
1110,STU0527,DS301,16.00,25.00,36.00,77.00,B+
1111,STU0527,DS302,17.00,24.00,42.00,83.00,A
1112,STU0951,DS301,15.00,23.00,41.00,79.00,B+
1113,STU0951,DS302,13.00,23.00,34.00,70.00,B+
1114,STU0607,DS301,17.00,22.00,41.00,80.00,A
1115,STU0607,DS302,12.00,23.00,44.00,79.00,B+
1116,STU0519,DS301,12.00,25.00,41.00,78.00,B+
1117,STU0519,DS302,13.00,22.00,43.00,78.00,B+
1118,STU0615,DS301,13.00,21.00,38.00,72.00,B+
1119,STU0615,DS302,15.00,21.00,38.00,74.00,B+
1120,STU0511,DS301,13.00,26.00,39.00,78.00,B+
1121,STU0511,DS302,14.00,24.00,35.00,73.00,B+
1122,STU0623,DS301,13.00,25.00,39.00,77.00,B+
1123,STU0623,DS302,12.00,26.00,39.00,77.00,B+
1124,STU0503,DS301,14.00,23.00,35.00,72.00,B+
1125,STU0503,DS302,14.00,24.00,40.00,78.00,B+
1126,STU0752,AI401,16.00,25.00,35.00,76.00,B+
1127,STU0584,AI401,13.00,22.00,37.00,72.00,B+
1128,STU0336,AI401,14.00,21.00,42.00,77.00,B+
1129,STU0448,AI401,16.00,26.00,44.00,86.00,A
1130,STU0880,AI401,12.00,25.00,37.00,74.00,B+
1131,STU0160,AI401,12.00,25.00,39.00,76.00,B+
1132,STU0552,AI401,16.00,23.00,44.00,83.00,A
1133,STU0744,AI401,17.00,25.00,44.00,86.00,A
1134,STU0152,AI401,13.00,21.00,38.00,72.00,B+
1135,STU0968,AI401,14.00,25.00,37.00,76.00,B+
1136,STU0344,AI401,12.00,25.00,42.00,79.00,B+
1137,STU0952,AI401,16.00,21.00,35.00,72.00,B+
1138,STU0888,AI401,14.00,25.00,34.00,73.00,B+
1139,STU0664,AI401,14.00,26.00,38.00,78.00,B+
1140,STU0352,AI401,15.00,21.00,44.00,80.00,A
1141,STU0144,AI401,13.00,21.00,38.00,72.00,B+
1142,STU0008,AI401,17.00,22.00,35.00,74.00,B+
1143,STU0016,AI401,12.00,21.00,39.00,72.00,B+
1144,STU0736,AI401,12.00,22.00,41.00,75.00,B+
1145,STU0456,AI401,12.00,26.00,42.00,80.00,A
1146,STU0896,AI401,14.00,24.00,40.00,78.00,B+
1147,STU0360,AI401,12.00,23.00,38.00,73.00,B+
1148,STU0136,AI401,15.00,26.00,34.00,75.00,B+
1149,STU0488,AI401,17.00,22.00,42.00,81.00,A
1150,STU0728,AI401,13.00,23.00,37.00,73.00,B+
1151,STU0592,AI401,14.00,26.00,37.00,77.00,B+
1152,STU0368,AI401,13.00,21.00,38.00,72.00,B+
1153,STU0544,AI401,12.00,23.00,40.00,75.00,B+
1154,STU0904,AI401,13.00,23.00,39.00,75.00,B+
1155,STU0128,AI401,12.00,21.00,44.00,77.00,B+
1156,STU0496,AI401,14.00,24.00,43.00,81.00,A
1157,STU0720,AI401,15.00,22.00,37.00,74.00,B+
1158,STU0120,AI401,13.00,25.00,38.00,76.00,B+
1159,STU0656,AI401,15.00,25.00,36.00,76.00,B+
1160,STU0376,AI401,14.00,23.00,41.00,78.00,B+
1161,STU0536,AI401,12.00,25.00,43.00,80.00,A
1162,STU0912,AI401,17.00,23.00,39.00,79.00,B+
1163,STU0464,AI401,13.00,22.00,39.00,74.00,B+
1164,STU0384,AI401,15.00,25.00,40.00,80.00,A
1165,STU0112,AI401,12.00,26.00,38.00,76.00,B+
1166,STU0648,AI401,17.00,24.00,40.00,81.00,A
1167,STU0712,AI401,15.00,25.00,35.00,75.00,B+
1168,STU0392,AI401,13.00,23.00,43.00,79.00,B+
1169,STU0616,AI401,15.00,22.00,37.00,74.00,B+
1170,STU0920,AI401,14.00,26.00,34.00,74.00,B+
1171,STU0704,AI401,16.00,24.00,36.00,76.00,B+
1172,STU0104,AI401,13.00,23.00,40.00,76.00,B+
1173,STU0600,AI401,16.00,22.00,39.00,77.00,B+
1174,STU0048,AI401,12.00,24.00,37.00,73.00,B+
1175,STU0512,AI401,13.00,24.00,37.00,74.00,B+
1176,STU0400,AI401,14.00,23.00,38.00,75.00,B+
1177,STU0056,AI401,13.00,22.00,44.00,79.00,B+
1178,STU0928,AI401,15.00,26.00,44.00,85.00,A
1179,STU0096,AI401,12.00,24.00,42.00,78.00,B+
1180,STU0528,AI401,14.00,23.00,37.00,74.00,B+
1181,STU0696,AI401,16.00,26.00,39.00,81.00,A
1182,STU0088,AI401,17.00,21.00,44.00,82.00,A
1183,STU0992,AI401,12.00,24.00,34.00,70.00,B+
1184,STU0408,AI401,16.00,23.00,43.00,82.00,A
1185,STU0624,AI401,12.00,21.00,40.00,73.00,B+
1186,STU0936,AI401,14.00,24.00,36.00,74.00,B+
1187,STU0632,AI401,14.00,21.00,43.00,78.00,B+
1188,STU0032,AI401,17.00,25.00,34.00,76.00,B+
1189,STU0248,AI401,14.00,26.00,37.00,77.00,B+
1190,STU0416,AI401,14.00,23.00,34.00,71.00,B+
1191,STU0816,AI401,17.00,26.00,42.00,85.00,A
1192,STU0080,AI401,12.00,24.00,44.00,80.00,A
1193,STU0256,AI401,12.00,24.00,41.00,77.00,B+
1194,STU0240,AI401,13.00,26.00,35.00,74.00,B+
1195,STU0472,AI401,15.00,24.00,44.00,83.00,A
1196,STU0688,AI401,14.00,25.00,39.00,78.00,B+
1197,STU0808,AI401,14.00,21.00,43.00,78.00,B+
1198,STU0424,AI401,14.00,21.00,38.00,73.00,B+
1199,STU0824,AI401,12.00,21.00,35.00,68.00,B
1200,STU0976,AI401,15.00,23.00,43.00,81.00,A
1201,STU0232,AI401,15.00,26.00,41.00,82.00,A
1202,STU0504,AI401,12.00,26.00,36.00,74.00,B+
1203,STU0264,AI401,15.00,25.00,43.00,83.00,A
1204,STU0800,AI401,16.00,25.00,44.00,85.00,A
1205,STU0272,AI401,15.00,24.00,39.00,78.00,B+
1206,STU0944,AI401,16.00,25.00,42.00,83.00,A
1207,STU0832,AI401,14.00,22.00,37.00,73.00,B+
1208,STU0224,AI401,13.00,24.00,38.00,75.00,B+
1209,STU0680,AI401,14.00,22.00,35.00,71.00,B+
1210,STU0792,AI401,15.00,21.00,38.00,74.00,B+
1211,STU0216,AI401,13.00,25.00,38.00,76.00,B+
1212,STU0024,AI401,13.00,21.00,38.00,72.00,B+
1213,STU0280,AI401,16.00,21.00,41.00,78.00,B+
1214,STU0072,AI401,13.00,23.00,35.00,71.00,B+
1215,STU0840,AI401,14.00,22.00,38.00,74.00,B+
1216,STU0568,AI401,13.00,22.00,37.00,72.00,B+
1217,STU0288,AI401,15.00,26.00,44.00,85.00,A
1218,STU0208,AI401,16.00,24.00,35.00,75.00,B+
1219,STU0608,AI401,16.00,26.00,40.00,82.00,A
1220,STU0784,AI401,16.00,23.00,37.00,76.00,B+
1221,STU1000,AI401,12.00,24.00,39.00,75.00,B+
1222,STU0960,AI401,15.00,22.00,40.00,77.00,B+
1223,STU0848,AI401,12.00,22.00,34.00,68.00,B
1224,STU0296,AI401,12.00,21.00,38.00,71.00,B+
1225,STU0200,AI401,15.00,22.00,37.00,74.00,B+
1226,STU0480,AI401,17.00,25.00,34.00,76.00,B+
1227,STU0776,AI401,16.00,23.00,34.00,73.00,B+
1228,STU0304,AI401,15.00,22.00,41.00,78.00,B+
1229,STU0768,AI401,15.00,22.00,39.00,76.00,B+
1230,STU0576,AI401,15.00,23.00,42.00,80.00,A
1231,STU0856,AI401,15.00,24.00,34.00,73.00,B+
1232,STU0192,AI401,16.00,26.00,35.00,77.00,B+
1233,STU0520,AI401,13.00,25.00,35.00,73.00,B+
1234,STU0312,AI401,17.00,22.00,40.00,79.00,B+
1235,STU0184,AI401,16.00,26.00,36.00,78.00,B+
1236,STU0432,AI401,16.00,26.00,42.00,84.00,A
1237,STU0320,AI401,15.00,21.00,35.00,71.00,B+
1238,STU0560,AI401,13.00,21.00,42.00,76.00,B+
1239,STU0864,AI401,15.00,25.00,43.00,83.00,A
1240,STU0064,AI401,14.00,23.00,43.00,80.00,A
1241,STU0760,AI401,14.00,22.00,38.00,74.00,B+
1242,STU0176,AI401,13.00,25.00,37.00,75.00,B+
1243,STU0672,AI401,14.00,23.00,41.00,78.00,B+
1244,STU0984,AI401,15.00,25.00,34.00,74.00,B+
1245,STU0040,AI401,14.00,22.00,44.00,80.00,A
1246,STU0440,AI401,14.00,22.00,40.00,76.00,B+
1247,STU0872,AI401,13.00,25.00,39.00,77.00,B+
1248,STU0328,AI401,17.00,24.00,41.00,82.00,A
1249,STU0168,AI401,12.00,22.00,43.00,77.00,B+
1250,STU0640,AI401,13.00,23.00,38.00,74.00,B+
