student_id,student_name,gender,dob,department_id,course,semester,admission_year,email,city
STU0001,Student_1,Male,2003-03-18,1,B.Tech,1,2019,student1@college.edu,Pune
STU0002,Student_2,Male,2001-09-10,2,B.Tech,3,2020,student2@college.edu,Lucknow
STU0003,Student_3,Female,2003-04-02,3,B.Tech,5,2021,student3@college.edu,Pune
STU0004,Student_4,Female,2003-04-20,4,B.Tech,7,2022,student4@college.edu,Jaipur
STU0005,Student_5,Male,2004-05-31,5,B.Tech,1,2023,student5@college.edu,Bangalore
STU0006,Student_6,Male,2002-10-15,6,B.Tech,3,2024,student6@college.edu,Indore
STU0007,Student_7,Male,2005-10-14,7,B.Tech,5,2019,student7@college.edu,Kolkata
STU0008,Student_8,Male,2004-04-30,8,B.Tech,7,2020,student8@college.edu,Bhopal
STU0009,Student_9,Male,2001-04-23,1,B.Tech,1,2021,student9@college.edu,Kolkata
STU0010,Student_10,Male,2003-01-25,2,B.Tech,3,2022,student10@college.edu,Chennai
STU0011,Student_11,Female,2003-09-30,3,B.Tech,5,2023,student11@college.edu,Jaipur
STU0012,Student_12,Male,2002-06-08,4,B.Tech,7,2024,student12@college.edu,Bangalore
STU0013,Student_13,Male,2002-12-27,5,B.Tech,1,2019,student13@college.edu,Lucknow
STU0014,Student_14,Male,2004-12-10,6,B.Tech,3,2020,student14@college.edu,Chennai
STU0015,Student_15,Male,2005-08-27,7,B.Tech,5,2021,student15@college.edu,Bangalore
STU0016,Student_16,Female,2004-09-23,8,B.Tech,7,2022,student16@college.edu,Delhi
STU0017,Student_17,Male,2001-03-06,1,B.Tech,1,2023,student17@college.edu,Pune
STU0018,Student_18,Male,2002-05-12,2,B.Tech,3,2024,student18@college.edu,Jaipur
STU0019,Student_19,Female,2004-01-08,3,B.Tech,5,2019,student19@college.edu,Bhopal
STU0020,Student_20,Female,2003-12-24,4,B.Tech,7,2020,student20@college.edu,Bangalore
STU0021,Student_21,Male,2004-05-13,5,B.Tech,1,2021,student21@college.edu,Delhi
STU0022,Student_22,Female,2003-07-05,6,B.Tech,3,2022,student22@college.edu,Indore
STU0023,Student_23,Female,2003-07-26,7,B.Tech,5,2023,student23@college.edu,Delhi
STU0024,Student_24,Female,2001-12-12,8,B.Tech,7,2024,student24@college.edu,Mumbai
STU0025,Student_25,Male,2003-09-02,1,B.Tech,1,2019,student25@college.edu,Pune
STU0026,Student_26,Female,2002-02-02,2,B.Tech,3,2020,student26@college.edu,Mumbai
STU0027,Student_27,Male,2003-02-01,3,B.Tech,5,2021,student27@college.edu,Kolkata
STU0028,Student_28,Male,2005-01-07,4,B.Tech,7,2022,student28@college.edu,Lucknow
STU0029,Student_29,Male,2003-05-30,5,B.Tech,1,2023,student29@college.edu,Jaipur
STU0030,Student_30,Male,2004-02-18,6,B.Tech,3,2024,student30@college.edu,Kolkata
STU0031,Student_31,Female,2004-01-07,7,B.Tech,5,2019,student31@college.edu,Mumbai
STU0032,Student_32,Female,2003-08-09,8,B.Tech,7,2020,student32@college.edu,Jaipur
STU0033,Student_33,Female,2005-06-28,1,B.Tech,1,2021,student33@college.edu,Delhi
STU0034,Student_34,Female,2002-05-10,2,B.Tech,3,2022,student34@college.edu,Indore
STU0035,Student_35,Male,2004-07-01,3,B.Tech,5,2023,student35@college.edu,Bangalore
STU0036,Student_36,Female,2002-06-11,4,B.Tech,7,2024,student36@college.edu,Mumbai
STU0037,Student_37,Female,2003-04-09,5,B.Tech,1,2019,student37@college.edu,Kolkata
STU0038,Student_38,Male,2001-08-30,6,B.Tech,3,2020,student38@college.edu,Bhopal
STU0039,Student_39,Female,2005-04-02,7,B.Tech,5,2021,student39@college.edu,Pune
STU0040,Student_40,Female,2005-07-31,8,B.Tech,7,2022,student40@college.edu,Delhi
STU0041,Student_41,Male,2004-09-12,1,B.Tech,1,2023,student41@college.edu,Delhi
STU0042,Student_42,Female,2003-05-03,2,B.Tech,3,2024,student42@college.edu,Pune
STU0043,Student_43,Female,2001-03-05,3,B.Tech,5,2019,student43@college.edu,Bhopal
STU0044,Student_44,Female,2005-12-24,4,B.Tech,7,2020,student44@college.edu,Pune
STU0045,Student_45,Female,2003-07-06,5,B.Tech,1,2021,student45@college.edu,Lucknow
STU0046,Student_46,Female,2001-11-08,6,B.Tech,3,2022,student46@college.edu,Lucknow
STU0047,Student_47,Male,2005-12-23,7,B.Tech,5,2023,student47@college.edu,Delhi
STU0048,Student_48,Female,2003-06-07,8,B.Tech,7,2024,student48@college.edu,Indore
STU0049,Student_49,Female,2003-09-24,1,B.Tech,1,2019,student49@college.edu,Bangalore
STU0050,Student_50,Female,2001-08-05,2,B.Tech,3,2020,student50@college.edu,Kolkata
STU0051,Student_51,Female,2005-06-21,3,B.Tech,5,2021,student51@college.edu,Bhopal
STU0052,Student_52,Female,2002-05-29,4,B.Tech,7,2022,student52@college.edu,Mumbai
STU0053,Student_53,Male,2005-08-22,5,B.Tech,1,2023,student53@college.edu,Indore
STU0054,Student_54,Female,2002-04-15,6,B.Tech,3,2024,student54@college.edu,Kolkata
STU0055,Student_55,Male,2002-10-01,7,B.Tech,5,2019,student55@college.edu,Mumbai
STU0056,Student_56,Male,2004-07-09,8,B.Tech,7,2020,student56@college.edu,Delhi
STU0057,Student_57,Male,2004-02-24,1,B.Tech,1,2021,student57@college.edu,Delhi
STU0058,Student_58,Male,2003-03-26,2,B.Tech,3,2022,student58@college.edu,Chennai
STU0059,Student_59,Female,2001-05-09,3,B.Tech,5,2023,student59@college.edu,Pune
STU0060,Student_60,Male,2002-01-01,4,B.Tech,7,2024,student60@college.edu,Jaipur
STU0061,Student_61,Male,2003-11-28,5,B.Tech,1,2019,student61@college.edu,Jaipur
STU0062,Student_62,Male,2003-09-10,6,B.Tech,3,2020,student62@college.edu,Bangalore
STU0063,Student_63,Female,2001-01-17,7,B.Tech,5,2021,student63@college.edu,Chennai
STU0064,Student_64,Female,2002-01-12,8,B.Tech,7,2022,student64@college.edu,Chennai
STU0065,Student_65,Male,2001-02-20,1,B.Tech,1,2023,student65@college.edu,Mumbai
STU0066,Student_66,Male,2003-07-25,2,B.Tech,3,2024,student66@college.edu,Pune
STU0067,Student_67,Female,2003-07-29,3,B.Tech,5,2019,student67@college.edu,Pune
STU0068,Student_68,Female,2003-07-23,4,B.Tech,7,2020,student68@college.edu,Mumbai
STU0069,Student_69,Male,2001-11-11,5,B.Tech,1,2021,student69@college.edu,Pune
STU0070,Student_70,Male,2003-03-05,6,B.Tech,3,2022,student70@college.edu,Kolkata
STU0071,Student_71,Male,2002-05-18,7,B.Tech,5,2023,student71@college.edu,Delhi
STU0072,Student_72,Male,2002-03-16,8,B.Tech,7,2024,student72@college.edu,Chennai
STU0073,Student_73,Female,2001-08-16,1,B.Tech,1,2019,student73@college.edu,Bhopal
STU0074,Student_74,Female,2002-11-13,2,B.Tech,3,2020,student74@college.edu,Bhopal
STU0075,Student_75,Male,2005-06-28,3,B.Tech,5,2021,student75@college.edu,Chennai
STU0076,Student_76,Male,2001-09-09,4,B.Tech,7,2022,student76@college.edu,Delhi
STU0077,Student_77,Female,2002-12-11,5,B.Tech,1,2023,student77@college.edu,Bhopal
STU0078,Student_78,Male,2001-07-21,6,B.Tech,3,2024,student78@college.edu,Chennai
STU0079,Student_79,Female,2005-10-01,7,B.Tech,5,2019,student79@college.edu,Chennai
STU0080,Student_80,Male,2001-09-08,8,B.Tech,7,2020,student80@college.edu,Bhopal
STU0081,Student_81,Female,2002-03-15,1,B.Tech,1,2021,student81@college.edu,Kolkata
STU0082,Student_82,Female,2001-06-09,2,B.Tech,3,2022,student82@college.edu,Indore
STU0083,Student_83,Female,2004-06-17,3,B.Tech,5,2023,student83@college.edu,Bhopal
STU0084,Student_84,Male,2003-04-25,4,B.Tech,7,2024,student84@college.edu,Bhopal
STU0085,Student_85,Female,2002-06-04,5,B.Tech,1,2019,student85@college.edu,Mumbai
STU0086,Student_86,Male,2004-05-07,6,B.Tech,3,2020,student86@college.edu,Jaipur
STU0087,Student_87,Female,2004-04-09,7,B.Tech,5,2021,student87@college.edu,Jaipur
STU0088,Student_88,Male,2002-08-14,8,B.Tech,7,2022,student88@college.edu,Bangalore
STU0089,Student_89,Female,2005-04-18,1,B.Tech,1,2023,student89@college.edu,Delhi
STU0090,Student_90,Female,2004-12-23,2,B.Tech,3,2024,student90@college.edu,Chennai
STU0091,Student_91,Male,2003-11-05,3,B.Tech,5,2019,student91@college.edu,Jaipur
STU0092,Student_92,Female,2005-08-08,4,B.Tech,7,2020,student92@college.edu,Delhi
STU0093,Student_93,Male,2003-07-09,5,B.Tech,1,2021,student93@college.edu,Lucknow
STU0094,Student_94,Male,2003-06-08,6,B.Tech,3,2022,student94@college.edu,Bhopal
STU0095,Student_95,Female,2005-01-14,7,B.Tech,5,2023,student95@college.edu,Delhi
STU0096,Student_96,Male,2003-10-14,8,B.Tech,7,2024,student96@college.edu,Kolkata
STU0097,Student_97,Male,2003-04-10,1,B.Tech,1,2019,student97@college.edu,Chennai
STU0098,Student_98,Male,2003-03-22,2,B.Tech,3,2020,student98@college.edu,Lucknow
STU0099,Student_99,Male,2004-01-28,3,B.Tech,5,2021,student99@college.edu,Delhi
STU0100,Student_100,Female,2001-09-28,4,B.Tech,7,2022,student100@college.edu,Bangalore
STU0101,Student_101,Female,2003-08-27,5,B.Tech,1,2023,student101@college.edu,Bangalore
STU0102,Student_102,Female,2001-06-05,6,B.Tech,3,2024,student102@college.edu,Jaipur
STU0103,Student_103,Male,2001-03-28,7,B.Tech,5,2019,student103@college.edu,Kolkata
STU0104,Student_104,Female,2002-07-09,8,B.Tech,7,2020,student104@college.edu,Pune
STU0105,Student_105,Male,2005-07-02,1,B.Tech,1,2021,student105@college.edu,Bhopal
STU0106,Student_106,Male,2004-09-09,2,B.Tech,3,2022,student106@college.edu,Lucknow
STU0107,Student_107,Male,2005-02-26,3,B.Tech,5,2023,student107@college.edu,Pune
STU0108,Student_108,Female,2004-09-08,4,B.Tech,7,2024,student108@college.edu,Lucknow
STU0109,Student_109,Female,2002-08-14,5,B.Tech,1,2019,student109@college.edu,Lucknow
STU0110,Student_110,Female,2002-06-06,6,B.Tech,3,2020,student110@college.edu,Kolkata
STU0111,Student_111,Female,2005-02-24,7,B.Tech,5,2021,student111@college.edu,Bhopal
STU0112,Student_112,Male,2002-11-29,8,B.Tech,7,2022,student112@college.edu,Kolkata
STU0113,Student_113,Female,2003-12-13,1,B.Tech,1,2023,student113@college.edu,Bhopal
STU0114,Student_114,Female,2004-08-11,2,B.Tech,3,2024,student114@college.edu,Kolkata
STU0115,Student_115,Male,2004-02-29,3,B.Tech,5,2019,student115@college.edu,Kolkata
STU0116,Student_116,Female,2001-07-29,4,B.Tech,7,2020,student116@college.edu,Indore
STU0117,Student_117,Female,2001-02-14,5,B.Tech,1,2021,student117@college.edu,Bangalore
STU0118,Student_118,Female,2001-06-07,6,B.Tech,3,2022,student118@college.edu,Bangalore
STU0119,Student_119,Female,2005-12-25,7,B.Tech,5,2023,student119@college.edu,Lucknow
STU0120,Student_120,Male,2005-11-02,8,B.Tech,7,2024,student120@college.edu,Indore
STU0121,Student_121,Female,2001-10-26,1,B.Tech,1,2019,student121@college.edu,Kolkata
STU0122,Student_122,Female,2002-09-17,2,B.Tech,3,2020,student122@college.edu,Chennai
STU0123,Student_123,Male,2004-02-05,3,B.Tech,5,2021,student123@college.edu,Bangalore
STU0124,Student_124,Female,2002-05-25,4,B.Tech,7,2022,student124@college.edu,Indore
STU0125,Student_125,Female,2004-04-21,5,B.Tech,1,2023,student125@college.edu,Kolkata
STU0126,Student_126,Male,2002-07-05,6,B.Tech,3,2024,student126@college.edu,Pune
STU0127,Student_127,Male,2005-01-21,7,B.Tech,5,2019,student127@college.edu,Jaipur
STU0128,Student_128,Female,2004-05-10,8,B.Tech,7,2020,student128@college.edu,Bangalore
STU0129,Student_129,Male,2002-01-16,1,B.Tech,1,2021,student129@college.edu,Delhi
STU0130,Student_130,Female,2002-11-25,2,B.Tech,3,2022,student130@college.edu,Pune
STU0131,Student_131,Male,2005-12-09,3,B.Tech,5,2023,student131@college.edu,Indore
STU0132,Student_132,Female,2003-12-22,4,B.Tech,7,2024,student132@college.edu,Mumbai
STU0133,Student_133,Male,2003-09-06,5,B.Tech,1,2019,student133@college.edu,Chennai
STU0134,Student_134,Male,2001-06-09,6,B.Tech,3,2020,student134@college.edu,Bhopal
STU0135,Student_135,Male,2005-10-20,7,B.Tech,5,2021,student135@college.edu,Pune
STU0136,Student_136,Male,2001-08-12,8,B.Tech,7,2022,student136@college.edu,Lucknow
STU0137,Student_137,Male,2005-07-27,1,B.Tech,1,2023,student137@college.edu,Chennai
STU0138,Student_138,Male,2001-01-12,2,B.Tech,3,2024,student138@college.edu,Kolkata
STU0139,Student_139,Male,2001-12-05,3,B.Tech,5,2019,student139@college.edu,Kolkata
STU0140,Student_140,Female,2002-01-12,4,B.Tech,7,2020,student140@college.edu,Kolkata
STU0141,Student_141,Male,2002-01-11,5,B.Tech,1,2021,student141@college.edu,Jaipur
STU0142,Student_142,Male,2005-03-16,6,B.Tech,3,2022,student142@college.edu,Pune
STU0143,Student_143,Female,2001-11-07,7,B.Tech,5,2023,student143@college.edu,Lucknow
STU0144,Student_144,Female,2005-10-21,8,B.Tech,7,2024,student144@college.edu,Pune
STU0145,Student_145,Female,2001-02-27,1,B.Tech,1,2019,student145@college.edu,Kolkata
STU0146,Student_146,Male,2004-11-19,2,B.Tech,3,2020,student146@college.edu,Lucknow
STU0147,Student_147,Male,2001-03-20,3,B.Tech,5,2021,student147@college.edu,Jaipur
STU0148,Student_148,Male,2004-12-28,4,B.Tech,7,2022,student148@college.edu,Indore
STU0149,Student_149,Male,2004-08-21,5,B.Tech,1,2023,student149@college.edu,Bhopal
STU0150,Student_150,Male,2002-04-29,6,B.Tech,3,2024,student150@college.edu,Chennai
STU0151,Student_151,Female,2005-10-22,7,B.Tech,5,2019,student151@college.edu,Mumbai
STU0152,Student_152,Male,2004-11-23,8,B.Tech,7,2020,student152@college.edu,Mumbai
STU0153,Student_153,Male,2001-12-09,1,B.Tech,1,2021,student153@college.edu,Chennai
STU0154,Student_154,Male,2003-04-07,2,B.Tech,3,2022,student154@college.edu,Delhi
STU0155,Student_155,Male,2001-09-08,3,B.Tech,5,2023,student155@college.edu,Pune
STU0156,Student_156,Female,2003-03-22,4,B.Tech,7,2024,student156@college.edu,Lucknow
STU0157,Student_157,Female,2001-08-05,5,B.Tech,1,2019,student157@college.edu,Mumbai
STU0158,Student_158,Female,2002-04-30,6,B.Tech,3,2020,student158@college.edu,Indore
STU0159,Student_159,Male,2003-02-04,7,B.Tech,5,2021,student159@college.edu,Mumbai
STU0160,Student_160,Female,2003-01-08,8,B.Tech,7,2022,student160@college.edu,Lucknow
STU0161,Student_161,Male,2004-12-26,1,B.Tech,1,2023,student161@college.edu,Jaipur
STU0162,Student_162,Female,2003-05-11,2,B.Tech,3,2024,student162@college.edu,Lucknow
STU0163,Student_163,Male,2003-09-24,3,B.Tech,5,2019,student163@college.edu,Bangalore
STU0164,Student_164,Male,2002-06-26,4,B.Tech,7,2020,student164@college.edu,Chennai
STU0165,Student_165,Male,2001-07-27,5,B.Tech,1,2021,student165@college.edu,Delhi
STU0166,Student_166,Female,2004-09-11,6,B.Tech,3,2022,student166@college.edu,Indore
STU0167,Student_167,Female,2005-10-24,7,B.Tech,5,2023,student167@college.edu,Pune
STU0168,Student_168,Female,2003-12-06,8,B.Tech,7,2024,student168@college.edu,Lucknow
STU0169,Student_169,Female,2001-05-27,1,B.Tech,1,2019,student169@college.edu,Kolkata
STU0170,Student_170,Male,2002-05-29,2,B.Tech,3,2020,student170@college.edu,Bhopal
STU0171,Student_171,Female,2003-09-18,3,B.Tech,5,2021,student171@college.edu,Pune
STU0172,Student_172,Female,2005-03-29,4,B.Tech,7,2022,student172@college.edu,Mumbai
STU0173,Student_173,Male,2004-10-21,5,B.Tech,1,2023,student173@college.edu,Chennai
STU0174,Student_174,Male,2005-01-27,6,B.Tech,3,2024,student174@college.edu,Mumbai
STU0175,Student_175,Female,2001-06-25,7,B.Tech,5,2019,student175@college.edu,Indore
STU0176,Student_176,Female,2003-01-11,8,B.Tech,7,2020,student176@college.edu,Kolkata
STU0177,Student_177,Female,2004-07-31,1,B.Tech,1,2021,student177@college.edu,Indore
STU0178,Student_178,Female,2003-07-21,2,B.Tech,3,2022,student178@college.edu,Lucknow
STU0179,Student_179,Female,2005-04-26,3,B.Tech,5,2023,student179@college.edu,Mumbai
STU0180,Student_180,Female,2003-01-29,4,B.Tech,7,2024,student180@college.edu,Chennai
STU0181,Student_181,Female,2001-10-24,5,B.Tech,1,2019,student181@college.edu,Bhopal
STU0182,Student_182,Male,2002-10-03,6,B.Tech,3,2020,student182@college.edu,Jaipur
STU0183,Student_183,Male,2003-10-09,7,B.Tech,5,2021,student183@college.edu,Bhopal
STU0184,Student_184,Female,2002-12-17,8,B.Tech,7,2022,student184@college.edu,Indore
STU0185,Student_185,Male,2005-03-22,1,B.Tech,1,2023,student185@college.edu,Chennai
STU0186,Student_186,Female,2005-11-22,2,B.Tech,3,2024,student186@college.edu,Bhopal
STU0187,Student_187,Female,2003-11-08,3,B.Tech,5,2019,student187@college.edu,Pune
STU0188,Student_188,Male,2002-07-27,4,B.Tech,7,2020,student188@college.edu,Lucknow
STU0189,Student_189,Male,2003-11-26,5,B.Tech,1,2021,student189@college.edu,Lucknow
STU0190,Student_190,Female,2003-01-09,6,B.Tech,3,2022,student190@college.edu,Pune
STU0191,Student_191,Male,2005-02-25,7,B.Tech,5,2023,student191@college.edu,Lucknow
STU0192,Student_192,Female,2003-04-16,8,B.Tech,7,2024,student192@college.edu,Bhopal
STU0193,Student_193,Female,2005-10-07,1,B.Tech,1,2019,student193@college.edu,Lucknow
STU0194,Student_194,Male,2001-05-31,2,B.Tech,3,2020,student194@college.edu,Indore
STU0195,Student_195,Male,2005-09-26,3,B.Tech,5,2021,student195@college.edu,Jaipur
STU0196,Student_196,Female,2004-10-01,4,B.Tech,7,2022,student196@college.edu,Delhi
STU0197,Student_197,Female,2005-06-05,5,B.Tech,1,2023,student197@college.edu,Delhi
STU0198,Student_198,Male,2004-03-02,6,B.Tech,3,2024,student198@college.edu,Bhopal
STU0199,Student_199,Female,2001-02-15,7,B.Tech,5,2019,student199@college.edu,Bhopal
STU0200,Student_200,Male,2003-10-18,8,B.Tech,7,2020,student200@college.edu,Mumbai
STU0201,Student_201,Female,2001-08-30,1,B.Tech,1,2021,student201@college.edu,Lucknow
STU0202,Student_202,Male,2001-12-25,2,B.Tech,3,2022,student202@college.edu,Kolkata
STU0203,Student_203,Male,2003-04-24,3,B.Tech,5,2023,student203@college.edu,Delhi
STU0204,Student_204,Female,2003-05-30,4,B.Tech,7,2024,student204@college.edu,Mumbai
STU0205,Student_205,Male,2002-07-27,5,B.Tech,1,2019,student205@college.edu,Bangalore
STU0206,Student_206,Male,2004-07-27,6,B.Tech,3,2020,student206@college.edu,Indore
STU0207,Student_207,Female,2003-04-28,7,B.Tech,5,2021,student207@college.edu,Chennai
STU0208,Student_208,Female,2003-02-16,8,B.Tech,7,2022,student208@college.edu,Bangalore
STU0209,Student_209,Male,2005-03-09,1,B.Tech,1,2023,student209@college.edu,Delhi
STU0210,Student_210,Male,2003-05-22,2,B.Tech,3,2024,student210@college.edu,Mumbai
STU0211,Student_211,Male,2004-08-04,3,B.Tech,5,2019,student211@college.edu,Kolkata
STU0212,Student_212,Female,2004-05-27,4,B.Tech,7,2020,student212@college.edu,Jaipur
STU0213,Student_213,Female,2003-10-25,5,B.Tech,1,2021,student213@college.edu,Lucknow
STU0214,Student_214,Female,2002-11-19,6,B.Tech,3,2022,student214@college.edu,Delhi
STU0215,Student_215,Female,2003-04-10,7,B.Tech,5,2023,student215@college.edu,Kolkata
STU0216,Student_216,Male,2003-05-27,8,B.Tech,7,2024,student216@college.edu,Delhi
STU0217,Student_217,Male,2003-11-01,1,B.Tech,1,2019,student217@college.edu,Bhopal
STU0218,Student_218,Male,2005-03-24,2,B.Tech,3,2020,student218@college.edu,Mumbai
STU0219,Student_219,Female,2002-08-28,3,B.Tech,5,2021,student219@college.edu,Chennai
STU0220,Student_220,Male,2001-12-06,4,B.Tech,7,2022,student220@college.edu,Indore
STU0221,Student_221,Female,2003-04-17,5,B.Tech,1,2023,student221@college.edu,Mumbai
STU0222,Student_222,Female,2002-08-16,6,B.Tech,3,2024,student222@college.edu,Delhi
STU0223,Student_223,Male,2005-04-27,7,B.Tech,5,2019,student223@college.edu,Kolkata
STU0224,Student_224,Female,2004-09-18,8,B.Tech,7,2020,student224@college.edu,Kolkata
STU0225,Student_225,Male,2003-12-08,1,B.Tech,1,2021,student225@college.edu,Pune
STU0226,Student_226,Female,2002-10-22,2,B.Tech,3,2022,student226@college.edu,Pune
STU0227,Student_227,Male,2001-07-12,3,B.Tech,5,2023,student227@college.edu,Bhopal
STU0228,Student_228,Female,2005-09-15,4,B.Tech,7,2024,student228@college.edu,Pune
STU0229,Student_229,Female,2004-12-27,5,B.Tech,1,2019,student229@college.edu,Jaipur
STU0230,Student_230,Female,2001-03-19,6,B.Tech,3,2020,student230@college.edu,Delhi
STU0231,Student_231,Male,2001-07-02,7,B.Tech,5,2021,student231@college.edu,Jaipur
STU0232,Student_232,Female,2001-07-22,8,B.Tech,7,2022,student232@college.edu,Bangalore
STU0233,Student_233,Female,2001-04-24,1,B.Tech,1,2023,student233@college.edu,Delhi
STU0234,Student_234,Female,2003-02-07,2,B.Tech,3,2024,student234@college.edu,Chennai
STU0235,Student_235,Male,2004-06-30,3,B.Tech,5,2019,student235@college.edu,Mumbai
STU0236,Student_236,Male,2002-12-04,4,B.Tech,7,2020,student236@college.edu,Bangalore
STU0237,Student_237,Female,2004-06-15,5,B.Tech,1,2021,student237@college.edu,Bhopal
STU0238,Student_238,Female,2005-10-15,6,B.Tech,3,2022,student238@college.edu,Kolkata
STU0239,Student_239,Male,2005-09-27,7,B.Tech,5,2023,student239@college.edu,Indore
STU0240,Student_240,Male,2005-04-30,8,B.Tech,7,2024,student240@college.edu,Chennai
STU0241,Student_241,Male,2001-01-21,1,B.Tech,1,2019,student241@college.edu,Kolkata
STU0242,Student_242,Male,2004-04-20,2,B.Tech,3,2020,student242@college.edu,Mumbai
STU0243,Student_243,Female,2005-08-20,3,B.Tech,5,2021,student243@college.edu,Bhopal
STU0244,Student_244,Female,2004-12-30,4,B.Tech,7,2022,student244@college.edu,Chennai
STU0245,Student_245,Female,2002-06-13,5,B.Tech,1,2023,student245@college.edu,Lucknow
STU0246,Student_246,Male,2004-08-16,6,B.Tech,3,2024,student246@college.edu,Lucknow
STU0247,Student_247,Female,2003-01-16,7,B.Tech,5,2019,student247@college.edu,Pune
STU0248,Student_248,Female,2003-06-13,8,B.Tech,7,2020,student248@college.edu,Mumbai
STU0249,Student_249,Female,2004-11-26,1,B.Tech,1,2021,student249@college.edu,Mumbai
STU0250,Student_250,Female,2002-07-09,2,B.Tech,3,2022,student250@college.edu,Indore
STU0251,Student_251,Female,2001-11-09,3,B.Tech,5,2023,student251@college.edu,Jaipur
STU0252,Student_252,Male,2003-10-22,4,B.Tech,7,2024,student252@college.edu,Mumbai
STU0253,Student_253,Female,2001-06-11,5,B.Tech,1,2019,student253@college.edu,Indore
STU0254,Student_254,Male,2001-04-20,6,B.Tech,3,2020,student254@college.edu,Mumbai
STU0255,Student_255,Male,2002-08-16,7,B.Tech,5,2021,student255@college.edu,Pune
STU0256,Student_256,Female,2004-05-26,8,B.Tech,7,2022,student256@college.edu,Chennai
STU0257,Student_257,Male,2004-07-26,1,B.Tech,1,2023,student257@college.edu,Delhi
STU0258,Student_258,Male,2003-07-24,2,B.Tech,3,2024,student258@college.edu,Pune
STU0259,Student_259,Male,2001-11-12,3,B.Tech,5,2019,student259@college.edu,Indore
STU0260,Student_260,Female,2001-03-04,4,B.Tech,7,2020,student260@college.edu,Kolkata
STU0261,Student_261,Female,2003-05-19,5,B.Tech,1,2021,student261@college.edu,Chennai
STU0262,Student_262,Female,2003-01-30,6,B.Tech,3,2022,student262@college.edu,Indore
STU0263,Student_263,Female,2005-02-27,7,B.Tech,5,2023,student263@college.edu,Delhi
STU0264,Student_264,Female,2005-11-15,8,B.Tech,7,2024,student264@college.edu,Lucknow
STU0265,Student_265,Male,2004-06-24,1,B.Tech,1,2019,student265@college.edu,Lucknow
STU0266,Student_266,Female,2003-08-06,2,B.Tech,3,2020,student266@college.edu,Chennai
STU0267,Student_267,Female,2002-07-25,3,B.Tech,5,2021,student267@college.edu,Bangalore
STU0268,Student_268,Female,2004-09-25,4,B.Tech,7,2022,student268@college.edu,Delhi
STU0269,Student_269,Female,2005-07-11,5,B.Tech,1,2023,student269@college.edu,Kolkata
STU0270,Student_270,Female,2001-12-26,6,B.Tech,3,2024,student270@college.edu,Delhi
STU0271,Student_271,Female,2001-05-08,7,B.Tech,5,2019,student271@college.edu,Delhi
STU0272,Student_272,Male,2001-03-01,8,B.Tech,7,2020,student272@college.edu,Indore
STU0273,Student_273,Male,2002-11-01,1,B.Tech,1,2021,student273@college.edu,Lucknow
STU0274,Student_274,Female,2005-06-01,2,B.Tech,3,2022,student274@college.edu,Chennai
STU0275,Student_275,Female,2001-09-15,3,B.Tech,5,2023,student275@college.edu,Indore
STU0276,Student_276,Male,2004-08-25,4,B.Tech,7,2024,student276@college.edu,Mumbai
STU0277,Student_277,Female,2005-11-22,5,B.Tech,1,2019,student277@college.edu,Delhi
STU0278,Student_278,Male,2001-08-12,6,B.Tech,3,2020,student278@college.edu,Delhi
STU0279,Student_279,Female,2005-05-29,7,B.Tech,5,2021,student279@college.edu,Bhopal
STU0280,Student_280,Male,2002-10-25,8,B.Tech,7,2022,student280@college.edu,Lucknow
STU0281,Student_281,Male,2001-02-13,1,B.Tech,1,2023,student281@college.edu,Jaipur
STU0282,Student_282,Female,2005-04-16,2,B.Tech,3,2024,student282@college.edu,Lucknow
STU0283,Student_283,Female,2003-07-01,3,B.Tech,5,2019,student283@college.edu,Kolkata
STU0284,Student_284,Male,2004-12-30,4,B.Tech,7,2020,student284@college.edu,Indore
STU0285,Student_285,Female,2002-11-15,5,B.Tech,1,2021,student285@college.edu,Delhi
STU0286,Student_286,Male,2001-01-08,6,B.Tech,3,2022,student286@college.edu,Indore
STU0287,Student_287,Female,2003-01-11,7,B.Tech,5,2023,student287@college.edu,Mumbai
STU0288,Student_288,Male,2002-01-30,8,B.Tech,7,2024,student288@college.edu,Delhi
STU0289,Student_289,Male,2004-01-15,1,B.Tech,1,2019,student289@college.edu,Indore
STU0290,Student_290,Male,2001-07-01,2,B.Tech,3,2020,student290@college.edu,Lucknow
STU0291,Student_291,Male,2003-06-15,3,B.Tech,5,2021,student291@college.edu,Bhopal
STU0292,Student_292,Male,2001-09-28,4,B.Tech,7,2022,student292@college.edu,Bhopal
STU0293,Student_293,Female,2003-09-01,5,B.Tech,1,2023,student293@college.edu,Chennai
STU0294,Student_294,Male,2004-07-12,6,B.Tech,3,2024,student294@college.edu,Mumbai
STU0295,Student_295,Male,2005-08-04,7,B.Tech,5,2019,student295@college.edu,Chennai
STU0296,Student_296,Female,2005-02-04,8,B.Tech,7,2020,student296@college.edu,Indore
STU0297,Student_297,Female,2005-06-19,1,B.Tech,1,2021,student297@college.edu,Delhi
STU0298,Student_298,Female,2001-12-17,2,B.Tech,3,2022,student298@college.edu,Bangalore
STU0299,Student_299,Male,2001-11-13,3,B.Tech,5,2023,student299@college.edu,Delhi
STU0300,Student_300,Female,2002-11-13,4,B.Tech,7,2024,student300@college.edu,Bangalore
STU0301,Student_301,Female,2005-07-28,5,B.Tech,1,2019,student301@college.edu,Lucknow
STU0302,Student_302,Male,2004-08-03,6,B.Tech,3,2020,student302@college.edu,Pune
STU0303,Student_303,Female,2002-11-14,7,B.Tech,5,2021,student303@college.edu,Bhopal
STU0304,Student_304,Female,2005-10-23,8,B.Tech,7,2022,student304@college.edu,Lucknow
STU0305,Student_305,Male,2002-07-02,1,B.Tech,1,2023,student305@college.edu,Chennai
STU0306,Student_306,Female,2004-02-24,2,B.Tech,3,2024,student306@college.edu,Lucknow
STU0307,Student_307,Male,2002-05-23,3,B.Tech,5,2019,student307@college.edu,Bangalore
STU0308,Student_308,Female,2001-10-20,4,B.Tech,7,2020,student308@college.edu,Kolkata
STU0309,Student_309,Female,2003-03-19,5,B.Tech,1,2021,student309@college.edu,Pune
STU0310,Student_310,Female,2005-10-17,6,B.Tech,3,2022,student310@college.edu,Mumbai
STU0311,Student_311,Female,2005-05-10,7,B.Tech,5,2023,student311@college.edu,Jaipur
STU0312,Student_312,Male,2005-05-31,8,B.Tech,7,2024,student312@college.edu,Lucknow
STU0313,Student_313,Male,2002-09-13,1,B.Tech,1,2019,student313@college.edu,Delhi
STU0314,Student_314,Male,2005-11-08,2,B.Tech,3,2020,student314@college.edu,Mumbai
STU0315,Student_315,Female,2004-03-12,3,B.Tech,5,2021,student315@college.edu,Jaipur
STU0316,Student_316,Male,2004-12-27,4,B.Tech,7,2022,student316@college.edu,Chennai
STU0317,Student_317,Female,2003-11-19,5,B.Tech,1,2023,student317@college.edu,Chennai
STU0318,Student_318,Male,2004-09-02,6,B.Tech,3,2024,student318@college.edu,Chennai
STU0319,Student_319,Female,2004-05-08,7,B.Tech,5,2019,student319@college.edu,Mumbai
STU0320,Student_320,Female,2002-01-31,8,B.Tech,7,2020,student320@college.edu,Mumbai
STU0321,Student_321,Male,2004-12-19,1,B.Tech,1,2021,student321@college.edu,Chennai
STU0322,Student_322,Male,2001-10-02,2,B.Tech,3,2022,student322@college.edu,Mumbai
STU0323,Student_323,Male,2002-12-11,3,B.Tech,5,2023,student323@college.edu,Chennai
STU0324,Student_324,Male,2005-07-26,4,B.Tech,7,2024,student324@college.edu,Chennai
STU0325,Student_325,Male,2002-10-23,5,B.Tech,1,2019,student325@college.edu,Kolkata
STU0326,Student_326,Male,2005-12-08,6,B.Tech,3,2020,student326@college.edu,Bangalore
STU0327,Student_327,Male,2001-02-02,7,B.Tech,5,2021,student327@college.edu,Delhi
STU0328,Student_328,Male,2003-01-27,8,B.Tech,7,2022,student328@college.edu,Chennai
STU0329,Student_329,Female,2001-05-26,1,B.Tech,1,2023,student329@college.edu,Pune
STU0330,Student_330,Female,2003-06-05,2,B.Tech,3,2024,student330@college.edu,Chennai
STU0331,Student_331,Female,2005-07-10,3,B.Tech,5,2019,student331@college.edu,Jaipur
STU0332,Student_332,Male,2004-01-19,4,B.Tech,7,2020,student332@college.edu,Mumbai
STU0333,Student_333,Male,2001-01-06,5,B.Tech,1,2021,student333@college.edu,Kolkata
STU0334,Student_334,Male,2003-08-17,6,B.Tech,3,2022,student334@college.edu,Kolkata
STU0335,Student_335,Female,2002-02-27,7,B.Tech,5,2023,student335@college.edu,Delhi
STU0336,Student_336,Male,2004-02-26,8,B.Tech,7,2024,student336@college.edu,Bhopal
STU0337,Student_337,Male,2002-02-01,1,B.Tech,1,2019,student337@college.edu,Delhi
STU0338,Student_338,Male,2002-11-26,2,B.Tech,3,2020,student338@college.edu,Indore
STU0339,Student_339,Female,2003-09-04,3,B.Tech,5,2021,student339@college.edu,Indore
STU0340,Student_340,Male,2005-06-23,4,B.Tech,7,2022,student340@college.edu,Delhi
STU0341,Student_341,Female,2003-11-25,5,B.Tech,1,2023,student341@college.edu,Indore
STU0342,Student_342,Female,2001-07-07,6,B.Tech,3,2024,student342@college.edu,Mumbai
STU0343,Student_343,Male,2003-07-11,7,B.Tech,5,2019,student343@college.edu,Jaipur
STU0344,Student_344,Female,2005-09-02,8,B.Tech,7,2020,student344@college.edu,Lucknow
STU0345,Student_345,Female,2001-03-23,1,B.Tech,1,2021,student345@college.edu,Bangalore
STU0346,Student_346,Male,2001-08-21,2,B.Tech,3,2022,student346@college.edu,Lucknow
STU0347,Student_347,Male,2001-01-14,3,B.Tech,5,2023,student347@college.edu,Chennai
STU0348,Student_348,Female,2005-03-05,4,B.Tech,7,2024,student348@college.edu,Kolkata
STU0349,Student_349,Male,2005-03-12,5,B.Tech,1,2019,student349@college.edu,Mumbai
STU0350,Student_350,Male,2004-05-27,6,B.Tech,3,2020,student350@college.edu,Lucknow
STU0351,Student_351,Female,2003-04-04,7,B.Tech,5,2021,student351@college.edu,Bhopal
STU0352,Student_352,Female,2003-10-31,8,B.Tech,7,2022,student352@college.edu,Jaipur
STU0353,Student_353,Male,2004-06-27,1,B.Tech,1,2023,student353@college.edu,Indore
STU0354,Student_354,Female,2001-02-02,2,B.Tech,3,2024,student354@college.edu,Jaipur
STU0355,Student_355,Male,2003-10-22,3,B.Tech,5,2019,student355@college.edu,Bangalore
STU0356,Student_356,Female,2005-07-16,4,B.Tech,7,2020,student356@college.edu,Bhopal
STU0357,Student_357,Male,2003-12-25,5,B.Tech,1,2021,student357@college.edu,Mumbai
STU0358,Student_358,Male,2005-01-19,6,B.Tech,3,2022,student358@college.edu,Delhi
STU0359,Student_359,Male,2003-10-22,7,B.Tech,5,2023,student359@college.edu,Indore
STU0360,Student_360,Male,2003-08-11,8,B.Tech,7,2024,student360@college.edu,Bangalore
STU0361,Student_361,Male,2003-08-03,1,B.Tech,1,2019,student361@college.edu,Bhopal
STU0362,Student_362,Male,2003-03-28,2,B.Tech,3,2020,student362@college.edu,Bhopal
STU0363,Student_363,Female,2002-12-31,3,B.Tech,5,2021,student363@college.edu,Indore
STU0364,Student_364,Female,2003-02-26,4,B.Tech,7,2022,student364@college.edu,Jaipur
STU0365,Student_365,Female,2003-03-17,5,B.Tech,1,2023,student365@college.edu,Kolkata
STU0366,Student_366,Female,2001-07-18,6,B.Tech,3,2024,student366@college.edu,Chennai
STU0367,Student_367,Male,2003-01-24,7,B.Tech,5,2019,student367@college.edu,Lucknow
STU0368,Student_368,Male,2003-01-12,8,B.Tech,7,2020,student368@college.edu,Delhi
STU0369,Student_369,Female,2002-05-10,1,B.Tech,1,2021,student369@college.edu,Chennai
STU0370,Student_370,Male,2004-08-23,2,B.Tech,3,2022,student370@college.edu,Delhi
STU0371,Student_371,Male,2004-12-09,3,B.Tech,5,2023,student371@college.edu,Indore
STU0372,Student_372,Male,2003-02-24,4,B.Tech,7,2024,student372@college.edu,Chennai
STU0373,Student_373,Female,2002-06-18,5,B.Tech,1,2019,student373@college.edu,Bangalore
STU0374,Student_374,Male,2003-06-28,6,B.Tech,3,2020,student374@college.edu,Lucknow
STU0375,Student_375,Male,2001-07-17,7,B.Tech,5,2021,student375@college.edu,Lucknow
STU0376,Student_376,Male,2003-12-13,8,B.Tech,7,2022,student376@college.edu,Bhopal
STU0377,Student_377,Female,2004-09-05,1,B.Tech,1,2023,student377@college.edu,Jaipur
STU0378,Student_378,Male,2001-12-01,2,B.Tech,3,2024,student378@college.edu,Chennai
STU0379,Student_379,Female,2002-07-05,3,B.Tech,5,2019,student379@college.edu,Bhopal
STU0380,Student_380,Female,2004-02-04,4,B.Tech,7,2020,student380@college.edu,Mumbai
STU0381,Student_381,Female,2002-03-22,5,B.Tech,1,2021,student381@college.edu,Bhopal
STU0382,Student_382,Male,2004-06-21,6,B.Tech,3,2022,student382@college.edu,Mumbai
STU0383,Student_383,Male,2004-05-20,7,B.Tech,5,2023,student383@college.edu,Kolkata
STU0384,Student_384,Female,2001-11-30,8,B.Tech,7,2024,student384@college.edu,Jaipur
STU0385,Student_385,Male,2004-09-19,1,B.Tech,1,2019,student385@college.edu,Bangalore
STU0386,Student_386,Female,2002-12-03,2,B.Tech,3,2020,student386@college.edu,Pune
STU0387,Student_387,Male,2003-08-26,3,B.Tech,5,2021,student387@college.edu,Bangalore
STU0388,Student_388,Male,2005-08-06,4,B.Tech,7,2022,student388@college.edu,Bhopal
STU0389,Student_389,Male,2003-09-23,5,B.Tech,1,2023,student389@college.edu,Delhi
STU0390,Student_390,Male,2002-01-09,6,B.Tech,3,2024,student390@college.edu,Delhi
STU0391,Student_391,Female,2005-12-05,7,B.Tech,5,2019,student391@college.edu,Indore
STU0392,Student_392,Male,2003-05-13,8,B.Tech,7,2020,student392@college.edu,Pune
STU0393,Student_393,Female,2002-08-27,1,B.Tech,1,2021,student393@college.edu,Jaipur
STU0394,Student_394,Male,2004-07-27,2,B.Tech,3,2022,student394@college.edu,Bhopal
STU0395,Student_395,Female,2005-02-21,3,B.Tech,5,2023,student395@college.edu,Pune
STU0396,Student_396,Male,2003-11-19,4,B.Tech,7,2024,student396@college.edu,Lucknow
STU0397,Student_397,Female,2005-12-13,5,B.Tech,1,2019,student397@college.edu,Delhi
STU0398,Student_398,Female,2002-08-28,6,B.Tech,3,2020,student398@college.edu,Indore
STU0399,Student_399,Female,2004-04-21,7,B.Tech,5,2021,student399@college.edu,Mumbai
STU0400,Student_400,Male,2001-02-22,8,B.Tech,7,2022,student400@college.edu,Delhi
STU0401,Student_401,Female,2002-04-08,1,B.Tech,1,2023,student401@college.edu,Kolkata
STU0402,Student_402,Female,2004-02-27,2,B.Tech,3,2024,student402@college.edu,Delhi
STU0403,Student_403,Male,2004-02-11,3,B.Tech,5,2019,student403@college.edu,Delhi
STU0404,Student_404,Female,2004-08-29,4,B.Tech,7,2020,student404@college.edu,Delhi
STU0405,Student_405,Male,2004-02-04,5,B.Tech,1,2021,student405@college.edu,Pune
STU0406,Student_406,Female,2001-05-02,6,B.Tech,3,2022,student406@college.edu,Indore
STU0407,Student_407,Male,2001-09-04,7,B.Tech,5,2023,student407@college.edu,Lucknow
STU0408,Student_408,Female,2003-11-04,8,B.Tech,7,2024,student408@college.edu,Chennai
STU0409,Student_409,Male,2003-12-04,1,B.Tech,1,2019,student409@college.edu,Jaipur
STU0410,Student_410,Male,2001-01-20,2,B.Tech,3,2020,student410@college.edu,Lucknow
STU0411,Student_411,Female,2002-02-24,3,B.Tech,5,2021,student411@college.edu,Indore
STU0412,Student_412,Male,2002-01-05,4,B.Tech,7,2022,student412@college.edu,Lucknow
STU0413,Student_413,Male,2003-04-28,5,B.Tech,1,2023,student413@college.edu,Kolkata
STU0414,Student_414,Male,2004-11-02,6,B.Tech,3,2024,student414@college.edu,Chennai
STU0415,Student_415,Female,2001-07-09,7,B.Tech,5,2019,student415@college.edu,Chennai
STU0416,Student_416,Male,2004-06-08,8,B.Tech,7,2020,student416@college.edu,Bangalore
STU0417,Student_417,Female,2003-04-20,1,B.Tech,1,2021,student417@college.edu,Indore
STU0418,Student_418,Male,2002-03-02,2,B.Tech,3,2022,student418@college.edu,Pune
STU0419,Student_419,Male,2002-10-23,3,B.Tech,5,2023,student419@college.edu,Kolkata
STU0420,Student_420,Male,2002-12-23,4,B.Tech,7,2024,student420@college.edu,Mumbai
STU0421,Student_421,Male,2005-07-23,5,B.Tech,1,2019,student421@college.edu,Mumbai
STU0422,Student_422,Male,2001-05-20,6,B.Tech,3,2020,student422@college.edu,Pune
STU0423,Student_423,Female,2002-05-22,7,B.Tech,5,2021,student423@college.edu,Indore
STU0424,Student_424,Female,2005-10-23,8,B.Tech,7,2022,student424@college.edu,Mumbai
STU0425,Student_425,Female,2004-10-19,1,B.Tech,1,2023,student425@college.edu,Indore
STU0426,Student_426,Female,2005-01-16,2,B.Tech,3,2024,student426@college.edu,Pune
STU0427,Student_427,Male,2001-05-19,3,B.Tech,5,2019,student427@college.edu,Mumbai
STU0428,Student_428,Male,2001-12-20,4,B.Tech,7,2020,student428@college.edu,Pune
STU0429,Student_429,Female,2003-02-17,5,B.Tech,1,2021,student429@college.edu,Bangalore
STU0430,Student_430,Female,2005-12-30,6,B.Tech,3,2022,student430@college.edu,Jaipur
STU0431,Student_431,Male,2005-06-16,7,B.Tech,5,2023,student431@college.edu,Jaipur
STU0432,Student_432,Female,2002-05-14,8,B.Tech,7,2024,student432@college.edu,Delhi
STU0433,Student_433,Female,2002-01-17,1,B.Tech,1,2019,student433@college.edu,Indore
STU0434,Student_434,Male,2003-03-10,2,B.Tech,3,2020,student434@college.edu,Mumbai
STU0435,Student_435,Male,2002-12-12,3,B.Tech,5,2021,student435@college.edu,Mumbai
STU0436,Student_436,Female,2001-03-21,4,B.Tech,7,2022,student436@college.edu,Pune
STU0437,Student_437,Male,2005-07-20,5,B.Tech,1,2023,student437@college.edu,Pune
STU0438,Student_438,Male,2003-11-01,6,B.Tech,3,2024,student438@college.edu,Bangalore
STU0439,Student_439,Male,2002-05-16,7,B.Tech,5,2019,student439@college.edu,Mumbai
STU0440,Student_440,Male,2001-01-11,8,B.Tech,7,2020,student440@college.edu,Pune
STU0441,Student_441,Male,2005-06-17,1,B.Tech,1,2021,student441@college.edu,Indore
STU0442,Student_442,Male,2003-10-28,2,B.Tech,3,2022,student442@college.edu,Chennai
STU0443,Student_443,Male,2003-03-05,3,B.Tech,5,2023,student443@college.edu,Bangalore
STU0444,Student_444,Male,2003-04-05,4,B.Tech,7,2024,student444@college.edu,Jaipur
STU0445,Student_445,Male,2001-09-06,5,B.Tech,1,2019,student445@college.edu,Indore
STU0446,Student_446,Male,2002-11-01,6,B.Tech,3,2020,student446@college.edu,Delhi
STU0447,Student_447,Male,2004-04-08,7,B.Tech,5,2021,student447@college.edu,Delhi
STU0448,Student_448,Male,2004-10-28,8,B.Tech,7,2022,student448@college.edu,Delhi
STU0449,Student_449,Male,2003-05-06,1,B.Tech,1,2023,student449@college.edu,Mumbai
STU0450,Student_450,Male,2004-12-10,2,B.Tech,3,2024,student450@college.edu,Bhopal
STU0451,Student_451,Male,2004-11-19,3,B.Tech,5,2019,student451@college.edu,Delhi
STU0452,Student_452,Female,2003-02-24,4,B.Tech,7,2020,student452@college.edu,Chennai
STU0453,Student_453,Female,2002-01-01,5,B.Tech,1,2021,student453@college.edu,Bhopal
STU0454,Student_454,Male,2004-04-23,6,B.Tech,3,2022,student454@college.edu,Indore
STU0455,Student_455,Female,2002-11-27,7,B.Tech,5,2023,student455@college.edu,Bhopal
STU0456,Student_456,Male,2001-10-31,8,B.Tech,7,2024,student456@college.edu,Kolkata
STU0457,Student_457,Male,2004-06-11,1,B.Tech,1,2019,student457@college.edu,Mumbai
STU0458,Student_458,Male,2003-08-02,2,B.Tech,3,2020,student458@college.edu,Mumbai
STU0459,Student_459,Male,2001-07-20,3,B.Tech,5,2021,student459@college.edu,Lucknow
STU0460,Student_460,Male,2005-03-17,4,B.Tech,7,2022,student460@college.edu,Indore
STU0461,Student_461,Male,2002-10-31,5,B.Tech,1,2023,student461@college.edu,Kolkata
STU0462,Student_462,Male,2001-06-18,6,B.Tech,3,2024,student462@college.edu,Chennai
STU0463,Student_463,Female,2001-01-31,7,B.Tech,5,2019,student463@college.edu,Indore
STU0464,Student_464,Female,2002-07-18,8,B.Tech,7,2020,student464@college.edu,Mumbai
STU0465,Student_465,Female,2001-11-13,1,B.Tech,1,2021,student465@college.edu,Pune
STU0466,Student_466,Male,2002-07-03,2,B.Tech,3,2022,student466@college.edu,Mumbai
STU0467,Student_467,Female,2005-01-11,3,B.Tech,5,2023,student467@college.edu,Jaipur
STU0468,Student_468,Female,2001-01-16,4,B.Tech,7,2024,student468@college.edu,Delhi
STU0469,Student_469,Female,2004-10-10,5,B.Tech,1,2019,student469@college.edu,Bhopal
STU0470,Student_470,Female,2002-11-15,6,B.Tech,3,2020,student470@college.edu,Lucknow
STU0471,Student_471,Female,2003-08-15,7,B.Tech,5,2021,student471@college.edu,Pune
STU0472,Student_472,Male,2004-01-27,8,B.Tech,7,2022,student472@college.edu,Bhopal
STU0473,Student_473,Female,2004-04-26,1,B.Tech,1,2023,student473@college.edu,Lucknow
STU0474,Student_474,Female,2002-11-01,2,B.Tech,3,2024,student474@college.edu,Chennai
STU0475,Student_475,Male,2004-06-24,3,B.Tech,5,2019,student475@college.edu,Bangalore
STU0476,Student_476,Male,2002-01-19,4,B.Tech,7,2020,student476@college.edu,Mumbai
STU0477,Student_477,Male,2002-10-27,5,B.Tech,1,2021,student477@college.edu,Kolkata
STU0478,Student_478,Female,2004-10-28,6,B.Tech,3,2022,student478@college.edu,Mumbai
STU0479,Student_479,Female,2002-09-16,7,B.Tech,5,2023,student479@college.edu,Mumbai
STU0480,Student_480,Female,2004-01-07,8,B.Tech,7,2024,student480@college.edu,Bangalore
STU0481,Student_481,Male,2004-03-13,1,B.Tech,1,2019,student481@college.edu,Bangalore
STU0482,Student_482,Female,2004-09-27,2,B.Tech,3,2020,student482@college.edu,Jaipur
STU0483,Student_483,Male,2004-02-09,3,B.Tech,5,2021,student483@college.edu,Kolkata
STU0484,Student_484,Male,2002-05-21,4,B.Tech,7,2022,student484@college.edu,Indore
STU0485,Student_485,Male,2001-03-12,5,B.Tech,1,2023,student485@college.edu,Pune
STU0486,Student_486,Male,2004-10-07,6,B.Tech,3,2024,student486@college.edu,Mumbai
STU0487,Student_487,Male,2004-02-02,7,B.Tech,5,2019,student487@college.edu,Pune
STU0488,Student_488,Male,2001-08-08,8,B.Tech,7,2020,student488@college.edu,Delhi
STU0489,Student_489,Female,2002-10-03,1,B.Tech,1,2021,student489@college.edu,Kolkata
STU0490,Student_490,Male,2003-08-17,2,B.Tech,3,2022,student490@college.edu,Kolkata
STU0491,Student_491,Male,2003-08-30,3,B.Tech,5,2023,student491@college.edu,Delhi
STU0492,Student_492,Male,2003-06-07,4,B.Tech,7,2024,student492@college.edu,Indore
STU0493,Student_493,Female,2002-10-30,5,B.Tech,1,2019,student493@college.edu,Jaipur
STU0494,Student_494,Male,2005-07-16,6,B.Tech,3,2020,student494@college.edu,Bangalore
STU0495,Student_495,Male,2001-03-12,7,B.Tech,5,2021,student495@college.edu,Pune
STU0496,Student_496,Male,2003-10-10,8,B.Tech,7,2022,student496@college.edu,Delhi
STU0497,Student_497,Male,2001-06-05,1,B.Tech,1,2023,student497@college.edu,Pune
STU0498,Student_498,Female,2001-11-09,2,B.Tech,3,2024,student498@college.edu,Bhopal
STU0499,Student_499,Female,2004-07-10,3,B.Tech,5,2019,student499@college.edu,Lucknow
STU0500,Student_500,Male,2004-06-10,4,B.Tech,7,2020,student500@college.edu,Indore
STU0501,Student_501,Male,2004-05-07,5,B.Tech,1,2021,student501@college.edu,Pune
STU0502,Student_502,Male,2005-09-25,6,B.Tech,3,2022,student502@college.edu,Mumbai
STU0503,Student_503,Female,2002-06-24,7,B.Tech,5,2023,student503@college.edu,Kolkata
STU0504,Student_504,Male,2002-09-21,8,B.Tech,7,2024,student504@college.edu,Lucknow
STU0505,Student_505,Female,2004-05-17,1,B.Tech,1,2019,student505@college.edu,Delhi
STU0506,Student_506,Male,2005-03-11,2,B.Tech,3,2020,student506@college.edu,Bhopal
STU0507,Student_507,Female,2004-12-01,3,B.Tech,5,2021,student507@college.edu,Indore
STU0508,Student_508,Male,2005-08-25,4,B.Tech,7,2022,student508@college.edu,Chennai
STU0509,Student_509,Female,2004-11-15,5,B.Tech,1,2023,student509@college.edu,Pune
STU0510,Student_510,Male,2003-09-10,6,B.Tech,3,2024,student510@college.edu,Chennai
STU0511,Student_511,Male,2001-07-29,7,B.Tech,5,2019,student511@college.edu,Chennai
STU0512,Student_512,Male,2001-12-02,8,B.Tech,7,2020,student512@college.edu,Jaipur
STU0513,Student_513,Male,2005-04-21,1,B.Tech,1,2021,student513@college.edu,Kolkata
STU0514,Student_514,Male,2002-04-15,2,B.Tech,3,2022,student514@college.edu,Bangalore
STU0515,Student_515,Female,2002-09-23,3,B.Tech,5,2023,student515@college.edu,Lucknow
STU0516,Student_516,Female,2002-09-18,4,B.Tech,7,2024,student516@college.edu,Mumbai
STU0517,Student_517,Male,2003-01-28,5,B.Tech,1,2019,student517@college.edu,Delhi
STU0518,Student_518,Female,2003-03-16,6,B.Tech,3,2020,student518@college.edu,Pune
STU0519,Student_519,Male,2001-02-12,7,B.Tech,5,2021,student519@college.edu,Indore
STU0520,Student_520,Female,2001-07-20,8,B.Tech,7,2022,student520@college.edu,Kolkata
STU0521,Student_521,Male,2005-09-04,1,B.Tech,1,2023,student521@college.edu,Pune
STU0522,Student_522,Male,2003-09-16,2,B.Tech,3,2024,student522@college.edu,Bangalore
STU0523,Student_523,Male,2004-10-22,3,B.Tech,5,2019,student523@college.edu,Pune
STU0524,Student_524,Female,2001-02-18,4,B.Tech,7,2020,student524@college.edu,Kolkata
STU0525,Student_525,Female,2004-06-06,5,B.Tech,1,2021,student525@college.edu,Bhopal
STU0526,Student_526,Male,2001-11-19,6,B.Tech,3,2022,student526@college.edu,Lucknow
STU0527,Student_527,Female,2002-09-19,7,B.Tech,5,2023,student527@college.edu,Chennai
STU0528,Student_528,Female,2005-07-25,8,B.Tech,7,2024,student528@college.edu,Lucknow
STU0529,Student_529,Male,2001-02-20,1,B.Tech,1,2019,student529@college.edu,Kolkata
STU0530,Student_530,Male,2003-04-09,2,B.Tech,3,2020,student530@college.edu,Chennai
STU0531,Student_531,Male,2003-04-30,3,B.Tech,5,2021,student531@college.edu,Chennai
STU0532,Student_532,Male,2005-01-15,4,B.Tech,7,2022,student532@college.edu,Mumbai
STU0533,Student_533,Female,2004-11-22,5,B.Tech,1,2023,student533@college.edu,Delhi
STU0534,Student_534,Female,2004-03-08,6,B.Tech,3,2024,student534@college.edu,Kolkata
STU0535,Student_535,Female,2001-03-06,7,B.Tech,5,2019,student535@college.edu,Indore
STU0536,Student_536,Female,2005-12-02,8,B.Tech,7,2020,student536@college.edu,Mumbai
STU0537,Student_537,Male,2004-11-02,1,B.Tech,1,2021,student537@college.edu,Bhopal
STU0538,Student_538,Female,2001-08-10,2,B.Tech,3,2022,student538@college.edu,Chennai
STU0539,Student_539,Female,2002-12-08,3,B.Tech,5,2023,student539@college.edu,Lucknow
STU0540,Student_540,Male,2003-03-27,4,B.Tech,7,2024,student540@college.edu,Kolkata
STU0541,Student_541,Female,2001-10-15,5,B.Tech,1,2019,student541@college.edu,Indore
STU0542,Student_542,Male,2001-09-11,6,B.Tech,3,2020,student542@college.edu,Bhopal
STU0543,Student_543,Male,2005-08-17,7,B.Tech,5,2021,student543@college.edu,Mumbai
STU0544,Student_544,Male,2001-07-12,8,B.Tech,7,2022,student544@college.edu,Delhi
STU0545,Student_545,Male,2003-09-22,1,B.Tech,1,2023,student545@college.edu,Pune
STU0546,Student_546,Male,2001-08-30,2,B.Tech,3,2024,student546@college.edu,Bangalore
STU0547,Student_547,Female,2002-05-01,3,B.Tech,5,2019,student547@college.edu,Chennai
STU0548,Student_548,Female,2005-01-26,4,B.Tech,7,2020,student548@college.edu,Bhopal
STU0549,Student_549,Male,2001-07-13,5,B.Tech,1,2021,student549@college.edu,Delhi
STU0550,Student_550,Female,2003-01-11,6,B.Tech,3,2022,student550@college.edu,Delhi
STU0551,Student_551,Male,2003-11-30,7,B.Tech,5,2023,student551@college.edu,Delhi
STU0552,Student_552,Male,2002-03-09,8,B.Tech,7,2024,student552@college.edu,Bhopal
STU0553,Student_553,Male,2002-12-23,1,B.Tech,1,2019,student553@college.edu,Indore
STU0554,Student_554,Male,2005-04-24,2,B.Tech,3,2020,student554@college.edu,Pune
STU0555,Student_555,Male,2001-05-25,3,B.Tech,5,2021,student555@college.edu,Delhi
STU0556,Student_556,Male,2004-02-09,4,B.Tech,7,2022,student556@college.edu,Kolkata
STU0557,Student_557,Male,2005-07-07,5,B.Tech,1,2023,student557@college.edu,Jaipur
STU0558,Student_558,Male,2003-04-12,6,B.Tech,3,2024,student558@college.edu,Delhi
STU0559,Student_559,Female,2002-01-24,7,B.Tech,5,2019,student559@college.edu,Bangalore
STU0560,Student_560,Male,2005-11-15,8,B.Tech,7,2020,student560@college.edu,Chennai
STU0561,Student_561,Male,2005-06-25,1,B.Tech,1,2021,student561@college.edu,Chennai
STU0562,Student_562,Male,2004-01-09,2,B.Tech,3,2022,student562@college.edu,Pune
STU0563,Student_563,Male,2005-08-22,3,B.Tech,5,2023,student563@college.edu,Pune
STU0564,Student_564,Male,2005-08-24,4,B.Tech,7,2024,student564@college.edu,Indore
STU0565,Student_565,Male,2001-10-10,5,B.Tech,1,2019,student565@college.edu,Bangalore
STU0566,Student_566,Female,2003-08-29,6,B.Tech,3,2020,student566@college.edu,Mumbai
STU0567,Student_567,Female,2004-02-05,7,B.Tech,5,2021,student567@college.edu,Chennai
STU0568,Student_568,Male,2001-08-08,8,B.Tech,7,2022,student568@college.edu,Kolkata
STU0569,Student_569,Female,2004-07-12,1,B.Tech,1,2023,student569@college.edu,Indore
STU0570,Student_570,Female,2003-12-31,2,B.Tech,3,2024,student570@college.edu,Jaipur
STU0571,Student_571,Male,2001-04-10,3,B.Tech,5,2019,student571@college.edu,Bhopal
STU0572,Student_572,Male,2004-07-28,4,B.Tech,7,2020,student572@college.edu,Kolkata
STU0573,Student_573,Female,2004-12-16,5,B.Tech,1,2021,student573@college.edu,Kolkata
STU0574,Student_574,Female,2005-12-16,6,B.Tech,3,2022,student574@college.edu,Bangalore
STU0575,Student_575,Male,2003-07-29,7,B.Tech,5,2023,student575@college.edu,Lucknow
STU0576,Student_576,Female,2004-01-20,8,B.Tech,7,2024,student576@college.edu,Jaipur
STU0577,Student_577,Male,2005-07-06,1,B.Tech,1,2019,student577@college.edu,Chennai
STU0578,Student_578,Male,2004-12-12,2,B.Tech,3,2020,student578@college.edu,Mumbai
STU0579,Student_579,Female,2003-06-02,3,B.Tech,5,2021,student579@college.edu,Bangalore
STU0580,Student_580,Female,2004-06-22,4,B.Tech,7,2022,student580@college.edu,Pune
STU0581,Student_581,Male,2005-06-04,5,B.Tech,1,2023,student581@college.edu,Lucknow
STU0582,Student_582,Female,2001-06-10,6,B.Tech,3,2024,student582@college.edu,Lucknow
STU0583,Student_583,Female,2002-09-27,7,B.Tech,5,2019,student583@college.edu,Bangalore
STU0584,Student_584,Male,2002-05-01,8,B.Tech,7,2020,student584@college.edu,Chennai
STU0585,Student_585,Male,2001-08-17,1,B.Tech,1,2021,student585@college.edu,Bhopal
STU0586,Student_586,Male,2001-07-17,2,B.Tech,3,2022,student586@college.edu,Delhi
STU0587,Student_587,Male,2002-07-15,3,B.Tech,5,2023,student587@college.edu,Kolkata
STU0588,Student_588,Male,2001-08-01,4,B.Tech,7,2024,student588@college.edu,Kolkata
STU0589,Student_589,Female,2002-08-12,5,B.Tech,1,2019,student589@college.edu,Lucknow
STU0590,Student_590,Female,2001-04-18,6,B.Tech,3,2020,student590@college.edu,Bhopal
STU0591,Student_591,Male,2004-11-10,7,B.Tech,5,2021,student591@college.edu,Bhopal
STU0592,Student_592,Female,2005-06-28,8,B.Tech,7,2022,student592@college.edu,Bangalore
STU0593,Student_593,Female,2001-06-10,1,B.Tech,1,2023,student593@college.edu,Lucknow
STU0594,Student_594,Female,2001-03-30,2,B.Tech,3,2024,student594@college.edu,Delhi
STU0595,Student_595,Male,2002-10-02,3,B.Tech,5,2019,student595@college.edu,Mumbai
STU0596,Student_596,Male,2003-07-25,4,B.Tech,7,2020,student596@college.edu,Indore
STU0597,Student_597,Female,2001-07-01,5,B.Tech,1,2021,student597@college.edu,Chennai
STU0598,Student_598,Male,2001-01-22,6,B.Tech,3,2022,student598@college.edu,Kolkata
STU0599,Student_599,Male,2001-01-01,7,B.Tech,5,2023,student599@college.edu,Delhi
STU0600,Student_600,Female,2001-03-19,8,B.Tech,7,2024,student600@college.edu,Indore
STU0601,Student_601,Female,2005-08-22,1,B.Tech,1,2019,student601@college.edu,Mumbai
STU0602,Student_602,Female,2005-04-08,2,B.Tech,3,2020,student602@college.edu,Pune
STU0603,Student_603,Female,2005-08-17,3,B.Tech,5,2021,student603@college.edu,Chennai
STU0604,Student_604,Male,2003-01-28,4,B.Tech,7,2022,student604@college.edu,Mumbai
STU0605,Student_605,Male,2002-07-05,5,B.Tech,1,2023,student605@college.edu,Bhopal
STU0606,Student_606,Female,2004-07-15,6,B.Tech,3,2024,student606@college.edu,Mumbai
STU0607,Student_607,Male,2002-05-22,7,B.Tech,5,2019,student607@college.edu,Lucknow
STU0608,Student_608,Male,2004-07-14,8,B.Tech,7,2020,student608@college.edu,Indore
STU0609,Student_609,Female,2005-07-04,1,B.Tech,1,2021,student609@college.edu,Delhi
STU0610,Student_610,Female,2001-05-19,2,B.Tech,3,2022,student610@college.edu,Mumbai
STU0611,Student_611,Male,2005-02-12,3,B.Tech,5,2023,student611@college.edu,Pune
STU0612,Student_612,Female,2003-03-16,4,B.Tech,7,2024,student612@college.edu,Lucknow
STU0613,Student_613,Male,2004-07-13,5,B.Tech,1,2019,student613@college.edu,Bhopal
STU0614,Student_614,Female,2005-06-09,6,B.Tech,3,2020,student614@college.edu,Indore
STU0615,Student_615,Male,2002-12-25,7,B.Tech,5,2021,student615@college.edu,Kolkata
STU0616,Student_616,Female,2003-02-10,8,B.Tech,7,2022,student616@college.edu,Bhopal
STU0617,Student_617,Male,2004-11-27,1,B.Tech,1,2023,student617@college.edu,Chennai
STU0618,Student_618,Male,2002-10-30,2,B.Tech,3,2024,student618@college.edu,Kolkata
STU0619,Student_619,Female,2003-12-01,3,B.Tech,5,2019,student619@college.edu,Lucknow
STU0620,Student_620,Male,2001-11-29,4,B.Tech,7,2020,student620@college.edu,Bangalore
STU0621,Student_621,Male,2004-01-10,5,B.Tech,1,2021,student621@college.edu,Mumbai
STU0622,Student_622,Male,2004-04-16,6,B.Tech,3,2022,student622@college.edu,Bangalore
STU0623,Student_623,Female,2005-10-25,7,B.Tech,5,2023,student623@college.edu,Kolkata
STU0624,Student_624,Male,2002-01-01,8,B.Tech,7,2024,student624@college.edu,Indore
STU0625,Student_625,Female,2004-08-23,1,B.Tech,1,2019,student625@college.edu,Chennai
STU0626,Student_626,Male,2002-05-25,2,B.Tech,3,2020,student626@college.edu,Mumbai
STU0627,Student_627,Female,2003-09-07,3,B.Tech,5,2021,student627@college.edu,Mumbai
STU0628,Student_628,Female,2002-05-02,4,B.Tech,7,2022,student628@college.edu,Bangalore
STU0629,Student_629,Female,2005-08-23,5,B.Tech,1,2023,student629@college.edu,Jaipur
STU0630,Student_630,Female,2005-01-05,6,B.Tech,3,2024,student630@college.edu,Kolkata
STU0631,Student_631,Female,2005-06-02,7,B.Tech,5,2019,student631@college.edu,Indore
STU0632,Student_632,Male,2005-09-19,8,B.Tech,7,2020,student632@college.edu,Jaipur
STU0633,Student_633,Male,2003-09-02,1,B.Tech,1,2021,student633@college.edu,Lucknow
STU0634,Student_634,Male,2005-07-14,2,B.Tech,3,2022,student634@college.edu,Mumbai
STU0635,Student_635,Male,2002-12-13,3,B.Tech,5,2023,student635@college.edu,Mumbai
STU0636,Student_636,Male,2005-10-05,4,B.Tech,7,2024,student636@college.edu,Chennai
STU0637,Student_637,Female,2005-10-22,5,B.Tech,1,2019,student637@college.edu,Pune
STU0638,Student_638,Male,2004-01-13,6,B.Tech,3,2020,student638@college.edu,Bhopal
STU0639,Student_639,Male,2001-02-06,7,B.Tech,5,2021,student639@college.edu,Delhi
STU0640,Student_640,Male,2003-02-03,8,B.Tech,7,2022,student640@college.edu,Mumbai
STU0641,Student_641,Male,2001-11-16,1,B.Tech,1,2023,student641@college.edu,Delhi
STU0642,Student_642,Male,2005-10-02,2,B.Tech,3,2024,student642@college.edu,Delhi
STU0643,Student_643,Female,2001-02-26,3,B.Tech,5,2019,student643@college.edu,Indore
STU0644,Student_644,Female,2002-07-23,4,B.Tech,7,2020,student644@college.edu,Kolkata
STU0645,Student_645,Female,2005-08-07,5,B.Tech,1,2021,student645@college.edu,Chennai
STU0646,Student_646,Male,2004-10-12,6,B.Tech,3,2022,student646@college.edu,Pune
STU0647,Student_647,Male,2004-09-26,7,B.Tech,5,2023,student647@college.edu,Indore
STU0648,Student_648,Female,2003-09-12,8,B.Tech,7,2024,student648@college.edu,Delhi
STU0649,Student_649,Male,2002-05-25,1,B.Tech,1,2019,student649@college.edu,Bhopal
STU0650,Student_650,Female,2005-08-25,2,B.Tech,3,2020,student650@college.edu,Mumbai
STU0651,Student_651,Male,2005-05-06,3,B.Tech,5,2021,student651@college.edu,Delhi
STU0652,Student_652,Female,2002-12-20,4,B.Tech,7,2022,student652@college.edu,Mumbai
STU0653,Student_653,Female,2005-04-09,5,B.Tech,1,2023,student653@college.edu,Bangalore
STU0654,Student_654,Male,2001-02-02,6,B.Tech,3,2024,student654@college.edu,Bhopal
STU0655,Student_655,Male,2003-08-10,7,B.Tech,5,2019,student655@college.edu,Kolkata
STU0656,Student_656,Male,2005-06-24,8,B.Tech,7,2020,student656@college.edu,Lucknow
STU0657,Student_657,Male,2005-11-08,1,B.Tech,1,2021,student657@college.edu,Mumbai
STU0658,Student_658,Female,2002-11-13,2,B.Tech,3,2022,student658@college.edu,Pune
STU0659,Student_659,Male,2002-10-04,3,B.Tech,5,2023,student659@college.edu,Delhi
STU0660,Student_660,Male,2002-06-27,4,B.Tech,7,2024,student660@college.edu,Bhopal
STU0661,Student_661,Male,2005-03-05,5,B.Tech,1,2019,student661@college.edu,Delhi
STU0662,Student_662,Male,2005-02-24,6,B.Tech,3,2020,student662@college.edu,Indore
STU0663,Student_663,Female,2001-11-23,7,B.Tech,5,2021,student663@college.edu,Kolkata
STU0664,Student_664,Female,2001-12-12,8,B.Tech,7,2022,student664@college.edu,Lucknow
STU0665,Student_665,Female,2003-07-21,1,B.Tech,1,2023,student665@college.edu,Kolkata
STU0666,Student_666,Female,2002-01-13,2,B.Tech,3,2024,student666@college.edu,Bhopal
STU0667,Student_667,Male,2003-05-15,3,B.Tech,5,2019,student667@college.edu,Chennai
STU0668,Student_668,Male,2001-10-31,4,B.Tech,7,2020,student668@college.edu,Delhi
STU0669,Student_669,Female,2002-10-10,5,B.Tech,1,2021,student669@college.edu,Lucknow
STU0670,Student_670,Male,2003-01-25,6,B.Tech,3,2022,student670@college.edu,Indore
STU0671,Student_671,Female,2005-06-17,7,B.Tech,5,2023,student671@college.edu,Delhi
STU0672,Student_672,Male,2003-01-21,8,B.Tech,7,2024,student672@college.edu,Bangalore
STU0673,Student_673,Female,2005-09-09,1,B.Tech,1,2019,student673@college.edu,Bhopal
STU0674,Student_674,Female,2005-10-30,2,B.Tech,3,2020,student674@college.edu,Chennai
STU0675,Student_675,Female,2002-12-06,3,B.Tech,5,2021,student675@college.edu,Pune
STU0676,Student_676,Female,2004-07-20,4,B.Tech,7,2022,student676@college.edu,Chennai
STU0677,Student_677,Male,2005-10-13,5,B.Tech,1,2023,student677@college.edu,Pune
STU0678,Student_678,Male,2001-12-28,6,B.Tech,3,2024,student678@college.edu,Kolkata
STU0679,Student_679,Female,2002-08-28,7,B.Tech,5,2019,student679@college.edu,Bangalore
STU0680,Student_680,Male,2005-08-16,8,B.Tech,7,2020,student680@college.edu,Chennai
STU0681,Student_681,Male,2003-03-22,1,B.Tech,1,2021,student681@college.edu,Pune
STU0682,Student_682,Female,2003-09-09,2,B.Tech,3,2022,student682@college.edu,Pune
STU0683,Student_683,Male,2001-12-28,3,B.Tech,5,2023,student683@college.edu,Kolkata
STU0684,Student_684,Male,2001-03-06,4,B.Tech,7,2024,student684@college.edu,Indore
STU0685,Student_685,Female,2002-09-21,5,B.Tech,1,2019,student685@college.edu,Indore
STU0686,Student_686,Female,2005-09-26,6,B.Tech,3,2020,student686@college.edu,Indore
STU0687,Student_687,Female,2005-11-25,7,B.Tech,5,2021,student687@college.edu,Mumbai
STU0688,Student_688,Female,2001-01-06,8,B.Tech,7,2022,student688@college.edu,Lucknow
STU0689,Student_689,Male,2001-02-28,1,B.Tech,1,2023,student689@college.edu,Pune
STU0690,Student_690,Male,2003-03-05,2,B.Tech,3,2024,student690@college.edu,Chennai
STU0691,Student_691,Female,2003-05-09,3,B.Tech,5,2019,student691@college.edu,Pune
STU0692,Student_692,Male,2001-12-14,4,B.Tech,7,2020,student692@college.edu,Bangalore
STU0693,Student_693,Female,2003-03-26,5,B.Tech,1,2021,student693@college.edu,Kolkata
STU0694,Student_694,Female,2004-07-22,6,B.Tech,3,2022,student694@college.edu,Kolkata
STU0695,Student_695,Female,2001-04-04,7,B.Tech,5,2023,student695@college.edu,Bangalore
STU0696,Student_696,Male,2004-12-27,8,B.Tech,7,2024,student696@college.edu,Kolkata
STU0697,Student_697,Male,2002-04-19,1,B.Tech,1,2019,student697@college.edu,Bangalore
STU0698,Student_698,Female,2002-01-03,2,B.Tech,3,2020,student698@college.edu,Chennai
STU0699,Student_699,Female,2001-01-08,3,B.Tech,5,2021,student699@college.edu,Bangalore
STU0700,Student_700,Female,2004-06-23,4,B.Tech,7,2022,student700@college.edu,Bhopal
STU0701,Student_701,Female,2005-06-21,5,B.Tech,1,2023,student701@college.edu,Mumbai
STU0702,Student_702,Male,2001-04-16,6,B.Tech,3,2024,student702@college.edu,Delhi
STU0703,Student_703,Male,2003-02-16,7,B.Tech,5,2019,student703@college.edu,Pune
STU0704,Student_704,Male,2005-05-28,8,B.Tech,7,2020,student704@college.edu,Lucknow
STU0705,Student_705,Female,2001-03-26,1,B.Tech,1,2021,student705@college.edu,Pune
STU0706,Student_706,Female,2004-03-04,2,B.Tech,3,2022,student706@college.edu,Delhi
STU0707,Student_707,Male,2005-11-09,3,B.Tech,5,2023,student707@college.edu,Pune
STU0708,Student_708,Female,2004-02-06,4,B.Tech,7,2024,student708@college.edu,Kolkata
STU0709,Student_709,Female,2004-09-21,5,B.Tech,1,2019,student709@college.edu,Indore
STU0710,Student_710,Female,2004-03-13,6,B.Tech,3,2020,student710@college.edu,Lucknow
STU0711,Student_711,Male,2003-04-19,7,B.Tech,5,2021,student711@college.edu,Lucknow
STU0712,Student_712,Male,2002-11-14,8,B.Tech,7,2022,student712@college.edu,Jaipur
STU0713,Student_713,Female,2002-01-24,1,B.Tech,1,2023,student713@college.edu,Pune
STU0714,Student_714,Male,2001-09-10,2,B.Tech,3,2024,student714@college.edu,Mumbai
STU0715,Student_715,Male,2004-09-19,3,B.Tech,5,2019,student715@college.edu,Lucknow
STU0716,Student_716,Male,2002-11-24,4,B.Tech,7,2020,student716@college.edu,Pune
STU0717,Student_717,Male,2003-06-24,5,B.Tech,1,2021,student717@college.edu,Bhopal
STU0718,Student_718,Female,2005-04-30,6,B.Tech,3,2022,student718@college.edu,Bhopal
STU0719,Student_719,Male,2002-12-25,7,B.Tech,5,2023,student719@college.edu,Bhopal
STU0720,Student_720,Female,2003-10-14,8,B.Tech,7,2024,student720@college.edu,Chennai
STU0721,Student_721,Male,2004-03-05,1,B.Tech,1,2019,student721@college.edu,Bhopal
STU0722,Student_722,Female,2004-06-16,2,B.Tech,3,2020,student722@college.edu,Kolkata
STU0723,Student_723,Male,2002-05-11,3,B.Tech,5,2021,student723@college.edu,Indore
STU0724,Student_724,Male,2004-07-29,4,B.Tech,7,2022,student724@college.edu,Delhi
STU0725,Student_725,Male,2003-08-27,5,B.Tech,1,2023,student725@college.edu,Delhi
STU0726,Student_726,Female,2005-09-01,6,B.Tech,3,2024,student726@college.edu,Delhi
STU0727,Student_727,Female,2004-10-07,7,B.Tech,5,2019,student727@college.edu,Pune
STU0728,Student_728,Male,2004-09-03,8,B.Tech,7,2020,student728@college.edu,Mumbai
STU0729,Student_729,Female,2003-04-18,1,B.Tech,1,2021,student729@college.edu,Jaipur
STU0730,Student_730,Female,2002-07-12,2,B.Tech,3,2022,student730@college.edu,Mumbai
STU0731,Student_731,Female,2002-10-15,3,B.Tech,5,2023,student731@college.edu,Bhopal
STU0732,Student_732,Male,2004-11-18,4,B.Tech,7,2024,student732@college.edu,Bangalore
STU0733,Student_733,Male,2003-03-17,5,B.Tech,1,2019,student733@college.edu,Chennai
STU0734,Student_734,Female,2005-05-12,6,B.Tech,3,2020,student734@college.edu,Kolkata
STU0735,Student_735,Male,2001-09-20,7,B.Tech,5,2021,student735@college.edu,Bangalore
STU0736,Student_736,Female,2005-10-14,8,B.Tech,7,2022,student736@college.edu,Chennai
STU0737,Student_737,Male,2002-08-24,1,B.Tech,1,2023,student737@college.edu,Lucknow
STU0738,Student_738,Female,2003-02-13,2,B.Tech,3,2024,student738@college.edu,Mumbai
STU0739,Student_739,Male,2004-07-15,3,B.Tech,5,2019,student739@college.edu,Bangalore
STU0740,Student_740,Female,2004-03-24,4,B.Tech,7,2020,student740@college.edu,Pune
STU0741,Student_741,Male,2001-07-16,5,B.Tech,1,2021,student741@college.edu,Pune
STU0742,Student_742,Female,2005-01-03,6,B.Tech,3,2022,student742@college.edu,Kolkata
STU0743,Student_743,Male,2004-01-12,7,B.Tech,5,2023,student743@college.edu,Kolkata
STU0744,Student_744,Male,2001-09-24,8,B.Tech,7,2024,student744@college.edu,Indore
STU0745,Student_745,Male,2004-08-03,1,B.Tech,1,2019,student745@college.edu,Bangalore
STU0746,Student_746,Male,2002-01-01,2,B.Tech,3,2020,student746@college.edu,Pune
STU0747,Student_747,Female,2004-01-02,3,B.Tech,5,2021,student747@college.edu,Lucknow
STU0748,Student_748,Female,2005-12-05,4,B.Tech,7,2022,student748@college.edu,Kolkata
STU0749,Student_749,Female,2003-10-12,5,B.Tech,1,2023,student749@college.edu,Bhopal
STU0750,Student_750,Female,2001-03-31,6,B.Tech,3,2024,student750@college.edu,Jaipur
STU0751,Student_751,Female,2005-01-31,7,B.Tech,5,2019,student751@college.edu,Chennai
STU0752,Student_752,Female,2002-02-22,8,B.Tech,7,2020,student752@college.edu,Kolkata
STU0753,Student_753,Male,2004-02-12,1,B.Tech,1,2021,student753@college.edu,Indore
STU0754,Student_754,Female,2001-04-17,2,B.Tech,3,2022,student754@college.edu,Indore
STU0755,Student_755,Male,2004-09-02,3,B.Tech,5,2023,student755@college.edu,Indore
STU0756,Student_756,Male,2005-11-18,4,B.Tech,7,2024,student756@college.edu,Indore
STU0757,Student_757,Female,2002-03-11,5,B.Tech,1,2019,student757@college.edu,Jaipur
STU0758,Student_758,Male,2001-06-10,6,B.Tech,3,2020,student758@college.edu,Indore
STU0759,Student_759,Female,2003-10-05,7,B.Tech,5,2021,student759@college.edu,Kolkata
STU0760,Student_760,Female,2004-12-27,8,B.Tech,7,2022,student760@college.edu,Mumbai
STU0761,Student_761,Male,2002-07-10,1,B.Tech,1,2023,student761@college.edu,Mumbai
STU0762,Student_762,Female,2004-12-02,2,B.Tech,3,2024,student762@college.edu,Kolkata
STU0763,Student_763,Male,2005-10-25,3,B.Tech,5,2019,student763@college.edu,Delhi
STU0764,Student_764,Male,2001-06-04,4,B.Tech,7,2020,student764@college.edu,Chennai
STU0765,Student_765,Male,2005-04-21,5,B.Tech,1,2021,student765@college.edu,Bhopal
STU0766,Student_766,Male,2004-05-04,6,B.Tech,3,2022,student766@college.edu,Indore
STU0767,Student_767,Female,2001-11-23,7,B.Tech,5,2023,student767@college.edu,Indore
STU0768,Student_768,Male,2003-05-10,8,B.Tech,7,2024,student768@college.edu,Delhi
STU0769,Student_769,Female,2005-05-19,1,B.Tech,1,2019,student769@college.edu,Bhopal
STU0770,Student_770,Male,2003-01-31,2,B.Tech,3,2020,student770@college.edu,Indore
STU0771,Student_771,Male,2003-09-24,3,B.Tech,5,2021,student771@college.edu,Pune
STU0772,Student_772,Male,2003-10-13,4,B.Tech,7,2022,student772@college.edu,Lucknow
STU0773,Student_773,Female,2004-12-25,5,B.Tech,1,2023,student773@college.edu,Jaipur
STU0774,Student_774,Female,2003-12-28,6,B.Tech,3,2024,student774@college.edu,Jaipur
STU0775,Student_775,Female,2005-08-22,7,B.Tech,5,2019,student775@college.edu,Chennai
STU0776,Student_776,Male,2002-10-21,8,B.Tech,7,2020,student776@college.edu,Lucknow
STU0777,Student_777,Female,2003-09-30,1,B.Tech,1,2021,student777@college.edu,Mumbai
STU0778,Student_778,Male,2002-11-27,2,B.Tech,3,2022,student778@college.edu,Chennai
STU0779,Student_779,Female,2001-11-12,3,B.Tech,5,2023,student779@college.edu,Jaipur
STU0780,Student_780,Male,2001-03-12,4,B.Tech,7,2024,student780@college.edu,Delhi
STU0781,Student_781,Male,2003-05-25,5,B.Tech,1,2019,student781@college.edu,Indore
STU0782,Student_782,Male,2001-07-08,6,B.Tech,3,2020,student782@college.edu,Chennai
STU0783,Student_783,Female,2002-02-28,7,B.Tech,5,2021,student783@college.edu,Pune
STU0784,Student_784,Female,2004-07-22,8,B.Tech,7,2022,student784@college.edu,Chennai
STU0785,Student_785,Female,2002-08-16,1,B.Tech,1,2023,student785@college.edu,Indore
STU0786,Student_786,Male,2004-07-12,2,B.Tech,3,2024,student786@college.edu,Lucknow
STU0787,Student_787,Male,2003-12-21,3,B.Tech,5,2019,student787@college.edu,Kolkata
STU0788,Student_788,Male,2004-03-13,4,B.Tech,7,2020,student788@college.edu,Pune
STU0789,Student_789,Female,2002-02-24,5,B.Tech,1,2021,student789@college.edu,Bhopal
STU0790,Student_790,Male,2005-09-07,6,B.Tech,3,2022,student790@college.edu,Chennai
STU0791,Student_791,Male,2005-01-26,7,B.Tech,5,2023,student791@college.edu,Jaipur
STU0792,Student_792,Male,2002-10-01,8,B.Tech,7,2024,student792@college.edu,Indore
STU0793,Student_793,Female,2001-08-07,1,B.Tech,1,2019,student793@college.edu,Bangalore
STU0794,Student_794,Female,2001-07-29,2,B.Tech,3,2020,student794@college.edu,Bangalore
STU0795,Student_795,Male,2001-08-01,3,B.Tech,5,2021,student795@college.edu,Chennai
STU0796,Student_796,Female,2002-09-06,4,B.Tech,7,2022,student796@college.edu,Chennai
STU0797,Student_797,Female,2005-01-13,5,B.Tech,1,2023,student797@college.edu,Delhi
STU0798,Student_798,Male,2004-08-09,6,B.Tech,3,2024,student798@college.edu,Indore
STU0799,Student_799,Female,2005-06-20,7,B.Tech,5,2019,student799@college.edu,Kolkata
STU0800,Student_800,Male,2003-02-02,8,B.Tech,7,2020,student800@college.edu,Indore
STU0801,Student_801,Male,2002-08-07,1,B.Tech,1,2021,student801@college.edu,Indore
STU0802,Student_802,Female,2004-08-11,2,B.Tech,3,2022,student802@college.edu,Lucknow
STU0803,Student_803,Female,2003-03-28,3,B.Tech,5,2023,student803@college.edu,Chennai
STU0804,Student_804,Male,2005-10-08,4,B.Tech,7,2024,student804@college.edu,Bhopal
STU0805,Student_805,Male,2002-04-12,5,B.Tech,1,2019,student805@college.edu,Bangalore
STU0806,Student_806,Female,2004-04-23,6,B.Tech,3,2020,student806@college.edu,Pune
STU0807,Student_807,Male,2004-05-25,7,B.Tech,5,2021,student807@college.edu,Mumbai
STU0808,Student_808,Female,2002-01-22,8,B.Tech,7,2022,student808@college.edu,Chennai
STU0809,Student_809,Male,2005-05-06,1,B.Tech,1,2023,student809@college.edu,Jaipur
STU0810,Student_810,Female,2005-05-31,2,B.Tech,3,2024,student810@college.edu,Bangalore
STU0811,Student_811,Male,2004-01-19,3,B.Tech,5,2019,student811@college.edu,Mumbai
STU0812,Student_812,Male,2005-03-22,4,B.Tech,7,2020,student812@college.edu,Indore
STU0813,Student_813,Female,2001-02-04,5,B.Tech,1,2021,student813@college.edu,Jaipur
STU0814,Student_814,Male,2003-07-03,6,B.Tech,3,2022,student814@college.edu,Kolkata
STU0815,Student_815,Female,2005-04-14,7,B.Tech,5,2023,student815@college.edu,Kolkata
STU0816,Student_816,Female,2003-07-21,8,B.Tech,7,2024,student816@college.edu,Bangalore
STU0817,Student_817,Male,2002-04-22,1,B.Tech,1,2019,student817@college.edu,Chennai
STU0818,Student_818,Female,2003-09-28,2,B.Tech,3,2020,student818@college.edu,Indore
STU0819,Student_819,Male,2004-04-22,3,B.Tech,5,2021,student819@college.edu,Bangalore
STU0820,Student_820,Male,2003-10-21,4,B.Tech,7,2022,student820@college.edu,Kolkata
STU0821,Student_821,Male,2004-09-17,5,B.Tech,1,2023,student821@college.edu,Pune
STU0822,Student_822,Male,2001-10-24,6,B.Tech,3,2024,student822@college.edu,Bhopal
STU0823,Student_823,Male,2005-03-21,7,B.Tech,5,2019,student823@college.edu,Kolkata
STU0824,Student_824,Male,2004-11-13,8,B.Tech,7,2020,student824@college.edu,Mumbai
STU0825,Student_825,Male,2004-06-19,1,B.Tech,1,2021,student825@college.edu,Kolkata
STU0826,Student_826,Female,2004-04-24,2,B.Tech,3,2022,student826@college.edu,Delhi
STU0827,Student_827,Female,2004-08-09,3,B.Tech,5,2023,student827@college.edu,Pune
STU0828,Student_828,Female,2001-11-14,4,B.Tech,7,2024,student828@college.edu,Jaipur
STU0829,Student_829,Female,2005-02-19,5,B.Tech,1,2019,student829@college.edu,Kolkata
STU0830,Student_830,Male,2005-04-28,6,B.Tech,3,2020,student830@college.edu,Mumbai
STU0831,Student_831,Male,2004-07-23,7,B.Tech,5,2021,student831@college.edu,Indore
STU0832,Student_832,Female,2002-05-30,8,B.Tech,7,2022,student832@college.edu,Kolkata
STU0833,Student_833,Female,2002-09-16,1,B.Tech,1,2023,student833@college.edu,Jaipur
STU0834,Student_834,Male,2003-01-14,2,B.Tech,3,2024,student834@college.edu,Bangalore
STU0835,Student_835,Female,2002-06-07,3,B.Tech,5,2019,student835@college.edu,Lucknow
STU0836,Student_836,Female,2004-10-30,4,B.Tech,7,2020,student836@college.edu,Pune
STU0837,Student_837,Female,2005-08-26,5,B.Tech,1,2021,student837@college.edu,Jaipur
STU0838,Student_838,Male,2001-08-14,6,B.Tech,3,2022,student838@college.edu,Delhi
STU0839,Student_839,Male,2005-09-20,7,B.Tech,5,2023,student839@college.edu,Bhopal
STU0840,Student_840,Female,2004-07-20,8,B.Tech,7,2024,student840@college.edu,Mumbai
STU0841,Student_841,Male,2003-05-07,1,B.Tech,1,2019,student841@college.edu,Jaipur
STU0842,Student_842,Female,2004-06-07,2,B.Tech,3,2020,student842@college.edu,Bangalore
STU0843,Student_843,Male,2002-04-18,3,B.Tech,5,2021,student843@college.edu,Lucknow
STU0844,Student_844,Male,2004-07-26,4,B.Tech,7,2022,student844@college.edu,Pune
STU0845,Student_845,Male,2003-10-13,5,B.Tech,1,2023,student845@college.edu,Kolkata
STU0846,Student_846,Male,2002-06-27,6,B.Tech,3,2024,student846@college.edu,Mumbai
STU0847,Student_847,Male,2002-07-31,7,B.Tech,5,2019,student847@college.edu,Bangalore
STU0848,Student_848,Male,2002-07-31,8,B.Tech,7,2020,student848@college.edu,Delhi
STU0849,Student_849,Male,2005-10-28,1,B.Tech,1,2021,student849@college.edu,Delhi
STU0850,Student_850,Female,2005-10-01,2,B.Tech,3,2022,student850@college.edu,Pune
STU0851,Student_851,Male,2004-10-03,3,B.Tech,5,2023,student851@college.edu,Jaipur
STU0852,Student_852,Female,2001-10-14,4,B.Tech,7,2024,student852@college.edu,Kolkata
STU0853,Student_853,Female,2005-08-26,5,B.Tech,1,2019,student853@college.edu,Indore
STU0854,Student_854,Female,2005-11-09,6,B.Tech,3,2020,student854@college.edu,Delhi
STU0855,Student_855,Male,2001-03-18,7,B.Tech,5,2021,student855@college.edu,Mumbai
STU0856,Student_856,Female,2002-07-05,8,B.Tech,7,2022,student856@college.edu,Kolkata
STU0857,Student_857,Female,2002-11-27,1,B.Tech,1,2023,student857@college.edu,Delhi
STU0858,Student_858,Male,2002-10-12,2,B.Tech,3,2024,student858@college.edu,Bangalore
STU0859,Student_859,Male,2004-03-12,3,B.Tech,5,2019,student859@college.edu,Kolkata
STU0860,Student_860,Male,2004-12-15,4,B.Tech,7,2020,student860@college.edu,Chennai
STU0861,Student_861,Male,2004-11-25,5,B.Tech,1,2021,student861@college.edu,Pune
STU0862,Student_862,Female,2002-04-23,6,B.Tech,3,2022,student862@college.edu,Mumbai
STU0863,Student_863,Male,2003-01-21,7,B.Tech,5,2023,student863@college.edu,Pune
STU0864,Student_864,Female,2001-10-22,8,B.Tech,7,2024,student864@college.edu,Mumbai
STU0865,Student_865,Male,2002-11-18,1,B.Tech,1,2019,student865@college.edu,Kolkata
STU0866,Student_866,Male,2002-02-14,2,B.Tech,3,2020,student866@college.edu,Lucknow
STU0867,Student_867,Male,2003-10-05,3,B.Tech,5,2021,student867@college.edu,Delhi
STU0868,Student_868,Male,2001-08-07,4,B.Tech,7,2022,student868@college.edu,Bangalore
STU0869,Student_869,Female,2005-05-07,5,B.Tech,1,2023,student869@college.edu,Indore
STU0870,Student_870,Male,2003-03-30,6,B.Tech,3,2024,student870@college.edu,Mumbai
STU0871,Student_871,Male,2002-11-17,7,B.Tech,5,2019,student871@college.edu,Jaipur
STU0872,Student_872,Male,2001-08-03,8,B.Tech,7,2020,student872@college.edu,Mumbai
STU0873,Student_873,Female,2003-04-14,1,B.Tech,1,2021,student873@college.edu,Bhopal
STU0874,Student_874,Male,2004-03-24,2,B.Tech,3,2022,student874@college.edu,Delhi
STU0875,Student_875,Male,2004-09-25,3,B.Tech,5,2023,student875@college.edu,Indore
STU0876,Student_876,Male,2001-11-10,4,B.Tech,7,2024,student876@college.edu,Kolkata
STU0877,Student_877,Female,2005-04-29,5,B.Tech,1,2019,student877@college.edu,Mumbai
STU0878,Student_878,Male,2001-05-22,6,B.Tech,3,2020,student878@college.edu,Lucknow
STU0879,Student_879,Female,2001-01-26,7,B.Tech,5,2021,student879@college.edu,Indore
STU0880,Student_880,Female,2005-10-28,8,B.Tech,7,2022,student880@college.edu,Bangalore
STU0881,Student_881,Female,2004-03-02,1,B.Tech,1,2023,student881@college.edu,Delhi
STU0882,Student_882,Male,2004-11-05,2,B.Tech,3,2024,student882@college.edu,Mumbai
STU0883,Student_883,Male,2001-02-05,3,B.Tech,5,2019,student883@college.edu,Indore
STU0884,Student_884,Female,2001-01-17,4,B.Tech,7,2020,student884@college.edu,Jaipur
STU0885,Student_885,Male,2005-11-11,5,B.Tech,1,2021,student885@college.edu,Mumbai
STU0886,Student_886,Male,2003-03-17,6,B.Tech,3,2022,student886@college.edu,Bhopal
STU0887,Student_887,Female,2005-11-07,7,B.Tech,5,2023,student887@college.edu,Mumbai
STU0888,Student_888,Male,2001-11-20,8,B.Tech,7,2024,student888@college.edu,Kolkata
STU0889,Student_889,Female,2001-06-18,1,B.Tech,1,2019,student889@college.edu,Kolkata
STU0890,Student_890,Male,2001-11-09,2,B.Tech,3,2020,student890@college.edu,Delhi
STU0891,Student_891,Female,2003-12-09,3,B.Tech,5,2021,student891@college.edu,Chennai
STU0892,Student_892,Male,2001-05-17,4,B.Tech,7,2022,student892@college.edu,Chennai
STU0893,Student_893,Female,2002-01-14,5,B.Tech,1,2023,student893@college.edu,Pune
STU0894,Student_894,Male,2004-05-27,6,B.Tech,3,2024,student894@college.edu,Kolkata
STU0895,Student_895,Female,2002-06-29,7,B.Tech,5,2019,student895@college.edu,Pune
STU0896,Student_896,Male,2002-09-01,8,B.Tech,7,2020,student896@college.edu,Kolkata
STU0897,Student_897,Female,2001-08-12,1,B.Tech,1,2021,student897@college.edu,Pune
STU0898,Student_898,Male,2002-06-27,2,B.Tech,3,2022,student898@college.edu,Indore
STU0899,Student_899,Female,2004-03-25,3,B.Tech,5,2023,student899@college.edu,Pune
STU0900,Student_900,Female,2005-05-22,4,B.Tech,7,2024,student900@college.edu,Jaipur
STU0901,Student_901,Female,2005-10-14,5,B.Tech,1,2019,student901@college.edu,Chennai
STU0902,Student_902,Female,2002-04-20,6,B.Tech,3,2020,student902@college.edu,Pune
STU0903,Student_903,Female,2005-08-21,7,B.Tech,5,2021,student903@college.edu,Lucknow
STU0904,Student_904,Female,2002-08-21,8,B.Tech,7,2022,student904@college.edu,Jaipur
STU0905,Student_905,Male,2001-11-06,1,B.Tech,1,2023,student905@college.edu,Kolkata
STU0906,Student_906,Male,2003-02-28,2,B.Tech,3,2024,student906@college.edu,Chennai
STU0907,Student_907,Female,2004-02-09,3,B.Tech,5,2019,student907@college.edu,Pune
STU0908,Student_908,Female,2005-10-22,4,B.Tech,7,2020,student908@college.edu,Pune
STU0909,Student_909,Female,2002-02-06,5,B.Tech,1,2021,student909@college.edu,Jaipur
STU0910,Student_910,Female,2001-04-15,6,B.Tech,3,2022,student910@college.edu,Lucknow
STU0911,Student_911,Male,2004-06-17,7,B.Tech,5,2023,student911@college.edu,Bangalore
STU0912,Student_912,Male,2003-09-30,8,B.Tech,7,2024,student912@college.edu,Indore
STU0913,Student_913,Female,2003-01-01,1,B.Tech,1,2019,student913@college.edu,Mumbai
STU0914,Student_914,Female,2005-11-29,2,B.Tech,3,2020,student914@college.edu,Jaipur
STU0915,Student_915,Male,2004-12-14,3,B.Tech,5,2021,student915@college.edu,Lucknow
STU0916,Student_916,Female,2005-05-10,4,B.Tech,7,2022,student916@college.edu,Bangalore
STU0917,Student_917,Male,2003-11-24,5,B.Tech,1,2023,student917@college.edu,Chennai
STU0918,Student_918,Male,2002-11-25,6,B.Tech,3,2024,student918@college.edu,Delhi
STU0919,Student_919,Male,2005-04-04,7,B.Tech,5,2019,student919@college.edu,Indore
STU0920,Student_920,Female,2002-09-19,8,B.Tech,7,2020,student920@college.edu,Lucknow
STU0921,Student_921,Male,2002-08-22,1,B.Tech,1,2021,student921@college.edu,Jaipur
STU0922,Student_922,Female,2004-07-31,2,B.Tech,3,2022,student922@college.edu,Pune
STU0923,Student_923,Male,2001-01-04,3,B.Tech,5,2023,student923@college.edu,Mumbai
STU0924,Student_924,Female,2002-12-27,4,B.Tech,7,2024,student924@college.edu,Bhopal
STU0925,Student_925,Female,2005-08-01,5,B.Tech,1,2019,student925@college.edu,Delhi
STU0926,Student_926,Female,2005-08-17,6,B.Tech,3,2020,student926@college.edu,Lucknow
STU0927,Student_927,Male,2005-01-14,7,B.Tech,5,2021,student927@college.edu,Kolkata
STU0928,Student_928,Female,2005-02-20,8,B.Tech,7,2022,student928@college.edu,Pune
STU0929,Student_929,Female,2003-06-30,1,B.Tech,1,2023,student929@college.edu,Kolkata
STU0930,Student_930,Female,2003-12-28,2,B.Tech,3,2024,student930@college.edu,Indore
STU0931,Student_931,Female,2001-07-01,3,B.Tech,5,2019,student931@college.edu,Indore
STU0932,Student_932,Female,2002-03-12,4,B.Tech,7,2020,student932@college.edu,Bhopal
STU0933,Student_933,Female,2004-03-03,5,B.Tech,1,2021,student933@college.edu,Bangalore
STU0934,Student_934,Male,2005-07-07,6,B.Tech,3,2022,student934@college.edu,Lucknow
STU0935,Student_935,Male,2003-04-25,7,B.Tech,5,2023,student935@college.edu,Pune
STU0936,Student_936,Male,2001-01-12,8,B.Tech,7,2024,student936@college.edu,Bangalore
STU0937,Student_937,Female,2005-01-05,1,B.Tech,1,2019,student937@college.edu,Pune
STU0938,Student_938,Female,2003-07-20,2,B.Tech,3,2020,student938@college.edu,Bhopal
STU0939,Student_939,Male,2002-07-15,3,B.Tech,5,2021,student939@college.edu,Indore
STU0940,Student_940,Female,2003-09-28,4,B.Tech,7,2022,student940@college.edu,Mumbai
STU0941,Student_941,Male,2002-02-11,5,B.Tech,1,2023,student941@college.edu,Lucknow
STU0942,Student_942,Male,2001-03-13,6,B.Tech,3,2024,student942@college.edu,Delhi
STU0943,Student_943,Female,2002-08-17,7,B.Tech,5,2019,student943@college.edu,Bhopal
STU0944,Student_944,Female,2004-12-25,8,B.Tech,7,2020,student944@college.edu,Pune
STU0945,Student_945,Male,2002-06-08,1,B.Tech,1,2021,student945@college.edu,Delhi
STU0946,Student_946,Female,2002-01-03,2,B.Tech,3,2022,student946@college.edu,Mumbai
STU0947,Student_947,Male,2005-02-17,3,B.Tech,5,2023,student947@college.edu,Bhopal
STU0948,Student_948,Male,2005-02-22,4,B.Tech,7,2024,student948@college.edu,Jaipur
STU0949,Student_949,Female,2001-08-29,5,B.Tech,1,2019,student949@college.edu,Kolkata
STU0950,Student_950,Female,2002-01-09,6,B.Tech,3,2020,student950@college.edu,Pune
STU0951,Student_951,Female,2002-01-15,7,B.Tech,5,2021,student951@college.edu,Mumbai
STU0952,Student_952,Female,2003-09-01,8,B.Tech,7,2022,student952@college.edu,Lucknow
STU0953,Student_953,Female,2005-11-07,1,B.Tech,1,2023,student953@college.edu,Delhi
STU0954,Student_954,Female,2004-01-17,2,B.Tech,3,2024,student954@college.edu,Pune
STU0955,Student_955,Female,2005-07-12,3,B.Tech,5,2019,student955@college.edu,Delhi
STU0956,Student_956,Female,2005-07-08,4,B.Tech,7,2020,student956@college.edu,Bhopal
STU0957,Student_957,Female,2001-10-05,5,B.Tech,1,2021,student957@college.edu,Chennai
STU0958,Student_958,Female,2001-12-14,6,B.Tech,3,2022,student958@college.edu,Pune
STU0959,Student_959,Female,2004-11-01,7,B.Tech,5,2023,student959@college.edu,Lucknow
STU0960,Student_960,Male,2002-08-15,8,B.Tech,7,2024,student960@college.edu,Lucknow
STU0961,Student_961,Female,2004-12-22,1,B.Tech,1,2019,student961@college.edu,Kolkata
STU0962,Student_962,Male,2001-05-16,2,B.Tech,3,2020,student962@college.edu,Chennai
STU0963,Student_963,Female,2002-11-01,3,B.Tech,5,2021,student963@college.edu,Delhi
STU0964,Student_964,Female,2004-01-10,4,B.Tech,7,2022,student964@college.edu,Bangalore
STU0965,Student_965,Female,2004-02-18,5,B.Tech,1,2023,student965@college.edu,Delhi
STU0966,Student_966,Female,2001-02-07,6,B.Tech,3,2024,student966@college.edu,Pune
STU0967,Student_967,Male,2001-05-18,7,B.Tech,5,2019,student967@college.edu,Jaipur
STU0968,Student_968,Male,2005-03-10,8,B.Tech,7,2020,student968@college.edu,Bhopal
STU0969,Student_969,Female,2004-03-24,1,B.Tech,1,2021,student969@college.edu,Chennai
STU0970,Student_970,Female,2001-06-11,2,B.Tech,3,2022,student970@college.edu,Chennai
STU0971,Student_971,Female,2005-01-04,3,B.Tech,5,2023,student971@college.edu,Chennai
STU0972,Student_972,Male,2002-10-26,4,B.Tech,7,2024,student972@college.edu,Lucknow
STU0973,Student_973,Male,2001-05-22,5,B.Tech,1,2019,student973@college.edu,Bangalore
STU0974,Student_974,Male,2005-04-02,6,B.Tech,3,2020,student974@college.edu,Kolkata
STU0975,Student_975,Male,2001-03-24,7,B.Tech,5,2021,student975@college.edu,Indore
STU0976,Student_976,Female,2002-06-18,8,B.Tech,7,2022,student976@college.edu,Mumbai
STU0977,Student_977,Female,2005-08-08,1,B.Tech,1,2023,student977@college.edu,Indore
STU0978,Student_978,Male,2004-01-16,2,B.Tech,3,2024,student978@college.edu,Jaipur
STU0979,Student_979,Male,2004-03-06,3,B.Tech,5,2019,student979@college.edu,Chennai
STU0980,Student_980,Female,2002-03-09,4,B.Tech,7,2020,student980@college.edu,Indore
STU0981,Student_981,Male,2003-03-05,5,B.Tech,1,2021,student981@college.edu,Delhi
STU0982,Student_982,Female,2004-12-14,6,B.Tech,3,2022,student982@college.edu,Delhi
STU0983,Student_983,Male,2005-06-27,7,B.Tech,5,2023,student983@college.edu,Bhopal
STU0984,Student_984,Female,2002-09-30,8,B.Tech,7,2024,student984@college.edu,Bhopal
STU0985,Student_985,Female,2005-06-23,1,B.Tech,1,2019,student985@college.edu,Pune
STU0986,Student_986,Male,2003-07-18,2,B.Tech,3,2020,student986@college.edu,Pune
STU0987,Student_987,Female,2004-09-01,3,B.Tech,5,2021,student987@college.edu,Chennai
STU0988,Student_988,Female,2002-09-01,4,B.Tech,7,2022,student988@college.edu,Jaipur
STU0989,Student_989,Male,2001-06-15,5,B.Tech,1,2023,student989@college.edu,Lucknow
STU0990,Student_990,Male,2004-06-09,6,B.Tech,3,2024,student990@college.edu,Indore
STU0991,Student_991,Female,2002-06-16,7,B.Tech,5,2019,student991@college.edu,Lucknow
STU0992,Student_992,Female,2002-11-24,8,B.Tech,7,2020,student992@college.edu,Chennai
STU0993,Student_993,Male,2003-08-27,1,B.Tech,1,2021,student993@college.edu,Lucknow
STU0994,Student_994,Female,2001-10-31,2,B.Tech,3,2022,student994@college.edu,Mumbai
STU0995,Student_995,Male,2005-06-21,3,B.Tech,5,2023,student995@college.edu,Bhopal
STU0996,Student_996,Male,2002-12-05,4,B.Tech,7,2024,student996@college.edu,Indore
STU0997,Student_997,Male,2001-02-11,5,B.Tech,1,2019,student997@college.edu,Bhopal
STU0998,Student_998,Male,2005-10-12,6,B.Tech,3,2020,student998@college.edu,Kolkata
STU0999,Student_999,Female,2001-05-25,7,B.Tech,5,2021,student999@college.edu,Bhopal
STU1000,Student_1000,Male,2003-04-25,8,B.Tech,7,2022,student1000@college.edu,Kolkata
